relative_checkpoint_path	size_bytes
nnUNetTrainer_CutMixStainEMA_Context1024FT100__nnUNetWholeSlideDataPlans__wsd_None_iterator_nnunet_aug__2d_context1024/fold_0/checkpoint_best_class_1_other.pth	877678060
nnUNetTrainer_CutMixStainEMA_Context1024FT100__nnUNetWholeSlideDataPlans__wsd_None_iterator_nnunet_aug__2d_context1024/fold_0/checkpoint_best_class_2_non-invasive_epithelium.pth	877702168
nnUNetTrainer_CutMixStainEMA_Context1024FT100__nnUNetWholeSlideDataPlans__wsd_None_iterator_nnunet_aug__2d_context1024/fold_0/checkpoint_best_class_3_invasive_epithelium.pth	877728256
nnUNetTrainer_CutMixStainEMA_Context1024FT100__nnUNetWholeSlideDataPlans__wsd_None_iterator_nnunet_aug__2d_context1024/fold_0/checkpoint_best_class_4_necrosis.pth	877711646
nnUNetTrainer_CutMixStainEMA_Context1024FT100__nnUNetWholeSlideDataPlans__wsd_None_iterator_nnunet_aug__2d_context1024/fold_0/checkpoint_best.pth	877656984
nnUNetTrainer_CutMixStainEMA_Context1024FT100__nnUNetWholeSlideDataPlans__wsd_None_iterator_nnunet_aug__2d_context1024/fold_0/checkpoint_final.pth	877712702
nnUNetTrainer_CutMixStainEMA_Context1024FT100__nnUNetWholeSlideDataPlans__wsd_None_iterator_nnunet_aug__2d_context1024/fold_1/checkpoint_best_class_1_other.pth	877697964
nnUNetTrainer_CutMixStainEMA_Context1024FT100__nnUNetWholeSlideDataPlans__wsd_None_iterator_nnunet_aug__2d_context1024/fold_1/checkpoint_best_class_2_non-invasive_epithelium.pth	877699928
nnUNetTrainer_CutMixStainEMA_Context1024FT100__nnUNetWholeSlideDataPlans__wsd_None_iterator_nnunet_aug__2d_context1024/fold_1/checkpoint_best_class_3_invasive_epithelium.pth	877716160
nnUNetTrainer_CutMixStainEMA_Context1024FT100__nnUNetWholeSlideDataPlans__wsd_None_iterator_nnunet_aug__2d_context1024/fold_1/checkpoint_best_class_4_necrosis.pth	877685086
nnUNetTrainer_CutMixStainEMA_Context1024FT100__nnUNetWholeSlideDataPlans__wsd_None_iterator_nnunet_aug__2d_context1024/fold_1/checkpoint_best.pth	877708376
nnUNetTrainer_CutMixStainEMA_Context1024FT100__nnUNetWholeSlideDataPlans__wsd_None_iterator_nnunet_aug__2d_context1024/fold_1/checkpoint_final.pth	877712702
nnUNetTrainer_CutMixStainEMA_Context1024FT100__nnUNetWholeSlideDataPlans__wsd_None_iterator_nnunet_aug__2d_context1024/fold_2/checkpoint_best_class_1_other.pth	877684716
nnUNetTrainer_CutMixStainEMA_Context1024FT100__nnUNetWholeSlideDataPlans__wsd_None_iterator_nnunet_aug__2d_context1024/fold_2/checkpoint_best_class_2_non-invasive_epithelium.pth	877742552
nnUNetTrainer_CutMixStainEMA_Context1024FT100__nnUNetWholeSlideDataPlans__wsd_None_iterator_nnunet_aug__2d_context1024/fold_2/checkpoint_best_class_3_invasive_epithelium.pth	877701248
nnUNetTrainer_CutMixStainEMA_Context1024FT100__nnUNetWholeSlideDataPlans__wsd_None_iterator_nnunet_aug__2d_context1024/fold_2/checkpoint_best_class_4_necrosis.pth	877698974
nnUNetTrainer_CutMixStainEMA_Context1024FT100__nnUNetWholeSlideDataPlans__wsd_None_iterator_nnunet_aug__2d_context1024/fold_2/checkpoint_best.pth	877711192
nnUNetTrainer_CutMixStainEMA_Context1024FT100__nnUNetWholeSlideDataPlans__wsd_None_iterator_nnunet_aug__2d_context1024/fold_2/checkpoint_final.pth	877712766
nnUNetTrainer_CutMixStainEMA_Context1024FT100__nnUNetWholeSlideDataPlans__wsd_None_iterator_nnunet_aug__2d_context1024/fold_3/checkpoint_best_class_1_other.pth	877696812
nnUNetTrainer_CutMixStainEMA_Context1024FT100__nnUNetWholeSlideDataPlans__wsd_None_iterator_nnunet_aug__2d_context1024/fold_3/checkpoint_best_class_2_non-invasive_epithelium.pth	877691096
nnUNetTrainer_CutMixStainEMA_Context1024FT100__nnUNetWholeSlideDataPlans__wsd_None_iterator_nnunet_aug__2d_context1024/fold_3/checkpoint_best_class_3_invasive_epithelium.pth	877686848
nnUNetTrainer_CutMixStainEMA_Context1024FT100__nnUNetWholeSlideDataPlans__wsd_None_iterator_nnunet_aug__2d_context1024/fold_3/checkpoint_best_class_4_necrosis.pth	877693406
nnUNetTrainer_CutMixStainEMA_Context1024FT100__nnUNetWholeSlideDataPlans__wsd_None_iterator_nnunet_aug__2d_context1024/fold_3/checkpoint_best.pth	877657496
nnUNetTrainer_CutMixStainEMA_Context1024FT100__nnUNetWholeSlideDataPlans__wsd_None_iterator_nnunet_aug__2d_context1024/fold_3/checkpoint_final.pth	877712702
nnUNetTrainer_CutMixStainEMA_Context1024FT100__nnUNetWholeSlideDataPlans__wsd_None_iterator_nnunet_aug__2d_context1024/fold_4/checkpoint_best_class_1_other.pth	877671980
nnUNetTrainer_CutMixStainEMA_Context1024FT100__nnUNetWholeSlideDataPlans__wsd_None_iterator_nnunet_aug__2d_context1024/fold_4/checkpoint_best_class_2_non-invasive_epithelium.pth	877732632
nnUNetTrainer_CutMixStainEMA_Context1024FT100__nnUNetWholeSlideDataPlans__wsd_None_iterator_nnunet_aug__2d_context1024/fold_4/checkpoint_best_class_3_invasive_epithelium.pth	877732288
nnUNetTrainer_CutMixStainEMA_Context1024FT100__nnUNetWholeSlideDataPlans__wsd_None_iterator_nnunet_aug__2d_context1024/fold_4/checkpoint_best_class_4_necrosis.pth	877721694
nnUNetTrainer_CutMixStainEMA_Context1024FT100__nnUNetWholeSlideDataPlans__wsd_None_iterator_nnunet_aug__2d_context1024/fold_4/checkpoint_best.pth	877706200
nnUNetTrainer_CutMixStainEMA_Context1024FT100__nnUNetWholeSlideDataPlans__wsd_None_iterator_nnunet_aug__2d_context1024/fold_4/checkpoint_final.pth	877712830
nnUNetTrainer_CutMixStainEMA__nnUNetWholeSlideDataPlans__wsd_None_iterator_nnunet_aug__2d/fold_0/checkpoint_best_class_1_other.pth	878177900
nnUNetTrainer_CutMixStainEMA__nnUNetWholeSlideDataPlans__wsd_None_iterator_nnunet_aug__2d/fold_0/checkpoint_best_class_2_non-invasive_epithelium.pth	878197016
nnUNetTrainer_CutMixStainEMA__nnUNetWholeSlideDataPlans__wsd_None_iterator_nnunet_aug__2d/fold_0/checkpoint_best_class_3_invasive_epithelium.pth	878192768
nnUNetTrainer_CutMixStainEMA__nnUNetWholeSlideDataPlans__wsd_None_iterator_nnunet_aug__2d/fold_0/checkpoint_best_class_4_necrosis.pth	878181086
nnUNetTrainer_CutMixStainEMA__nnUNetWholeSlideDataPlans__wsd_None_iterator_nnunet_aug__2d/fold_0/checkpoint_best.pth	878073048
nnUNetTrainer_CutMixStainEMA__nnUNetWholeSlideDataPlans__wsd_None_iterator_nnunet_aug__2d/fold_0/checkpoint_latest.pth	878165540
nnUNetTrainer_CutMixStainEMA__nnUNetWholeSlideDataPlans__wsd_None_iterator_nnunet_aug__2d/fold_0/milestone_best_checkpoints/epoch_0250/checkpoint_best_class_1_other.pth	877792684
nnUNetTrainer_CutMixStainEMA__nnUNetWholeSlideDataPlans__wsd_None_iterator_nnunet_aug__2d/fold_0/milestone_best_checkpoints/epoch_0250/checkpoint_best_class_2_non-invasive_epithelium.pth	877769880
nnUNetTrainer_CutMixStainEMA__nnUNetWholeSlideDataPlans__wsd_None_iterator_nnunet_aug__2d/fold_0/milestone_best_checkpoints/epoch_0250/checkpoint_best_class_3_invasive_epithelium.pth	877780480
nnUNetTrainer_CutMixStainEMA__nnUNetWholeSlideDataPlans__wsd_None_iterator_nnunet_aug__2d/fold_0/milestone_best_checkpoints/epoch_0250/checkpoint_best_class_4_necrosis.pth	877798110
nnUNetTrainer_CutMixStainEMA__nnUNetWholeSlideDataPlans__wsd_None_iterator_nnunet_aug__2d/fold_0/milestone_best_checkpoints/epoch_0250/checkpoint_best.pth	877793176
nnUNetTrainer_CutMixStainEMA__nnUNetWholeSlideDataPlans__wsd_None_iterator_nnunet_aug__2d/fold_0/milestone_best_checkpoints/epoch_0250/checkpoint_latest.pth	877795876
nnUNetTrainer_CutMixStainEMA__nnUNetWholeSlideDataPlans__wsd_None_iterator_nnunet_aug__2d/fold_0/milestone_best_checkpoints/epoch_0500/checkpoint_best_class_1_other.pth	877922028
nnUNetTrainer_CutMixStainEMA__nnUNetWholeSlideDataPlans__wsd_None_iterator_nnunet_aug__2d/fold_0/milestone_best_checkpoints/epoch_0500/checkpoint_best_class_2_non-invasive_epithelium.pth	877954456
nnUNetTrainer_CutMixStainEMA__nnUNetWholeSlideDataPlans__wsd_None_iterator_nnunet_aug__2d/fold_0/milestone_best_checkpoints/epoch_0500/checkpoint_best_class_3_invasive_epithelium.pth	877950208
nnUNetTrainer_CutMixStainEMA__nnUNetWholeSlideDataPlans__wsd_None_iterator_nnunet_aug__2d/fold_0/milestone_best_checkpoints/epoch_0500/checkpoint_best_class_4_necrosis.pth	877910366
nnUNetTrainer_CutMixStainEMA__nnUNetWholeSlideDataPlans__wsd_None_iterator_nnunet_aug__2d/fold_0/milestone_best_checkpoints/epoch_0500/checkpoint_best.pth	877931288
nnUNetTrainer_CutMixStainEMA__nnUNetWholeSlideDataPlans__wsd_None_iterator_nnunet_aug__2d/fold_0/milestone_best_checkpoints/epoch_0500/checkpoint_latest.pth	877933988
nnUNetTrainer_CutMixStainEMA__nnUNetWholeSlideDataPlans__wsd_None_iterator_nnunet_aug__2d/fold_0/milestone_best_checkpoints/epoch_0750/checkpoint_best_class_1_other.pth	878046124
nnUNetTrainer_CutMixStainEMA__nnUNetWholeSlideDataPlans__wsd_None_iterator_nnunet_aug__2d/fold_0/milestone_best_checkpoints/epoch_0750/checkpoint_best_class_2_non-invasive_epithelium.pth	878096664
nnUNetTrainer_CutMixStainEMA__nnUNetWholeSlideDataPlans__wsd_None_iterator_nnunet_aug__2d/fold_0/milestone_best_checkpoints/epoch_0750/checkpoint_best_class_3_invasive_epithelium.pth	878038912
nnUNetTrainer_CutMixStainEMA__nnUNetWholeSlideDataPlans__wsd_None_iterator_nnunet_aug__2d/fold_0/milestone_best_checkpoints/epoch_0750/checkpoint_best_class_4_necrosis.pth	878057566
nnUNetTrainer_CutMixStainEMA__nnUNetWholeSlideDataPlans__wsd_None_iterator_nnunet_aug__2d/fold_0/milestone_best_checkpoints/epoch_0750/checkpoint_best.pth	878063064
nnUNetTrainer_CutMixStainEMA__nnUNetWholeSlideDataPlans__wsd_None_iterator_nnunet_aug__2d/fold_0/milestone_best_checkpoints/epoch_0750/checkpoint_latest.pth	878071844
nnUNetTrainer_CutMixStainEMA__nnUNetWholeSlideDataPlans__wsd_None_iterator_nnunet_aug__2d/fold_1/checkpoint_best_class_1_other.pth	877958700
nnUNetTrainer_CutMixStainEMA__nnUNetWholeSlideDataPlans__wsd_None_iterator_nnunet_aug__2d/fold_1/checkpoint_best_class_2_non-invasive_epithelium.pth	878036376
nnUNetTrainer_CutMixStainEMA__nnUNetWholeSlideDataPlans__wsd_None_iterator_nnunet_aug__2d/fold_1/checkpoint_best_class_3_invasive_epithelium.pth	877970816
nnUNetTrainer_CutMixStainEMA__nnUNetWholeSlideDataPlans__wsd_None_iterator_nnunet_aug__2d/fold_1/checkpoint_best_class_4_necrosis.pth	878025438
nnUNetTrainer_CutMixStainEMA__nnUNetWholeSlideDataPlans__wsd_None_iterator_nnunet_aug__2d/fold_1/checkpoint_best.pth	878035864
nnUNetTrainer_CutMixStainEMA__nnUNetWholeSlideDataPlans__wsd_None_iterator_nnunet_aug__2d/fold_1/checkpoint_latest.pth	878050148
nnUNetTrainer_CutMixStainEMA__nnUNetWholeSlideDataPlans__wsd_None_iterator_nnunet_aug__2d/fold_1/milestone_best_checkpoints/epoch_0250/checkpoint_best_class_1_other.pth	877801772
nnUNetTrainer_CutMixStainEMA__nnUNetWholeSlideDataPlans__wsd_None_iterator_nnunet_aug__2d/fold_1/milestone_best_checkpoints/epoch_0250/checkpoint_best_class_2_non-invasive_epithelium.pth	877805976
nnUNetTrainer_CutMixStainEMA__nnUNetWholeSlideDataPlans__wsd_None_iterator_nnunet_aug__2d/fold_1/milestone_best_checkpoints/epoch_0250/checkpoint_best_class_3_invasive_epithelium.pth	877804480
nnUNetTrainer_CutMixStainEMA__nnUNetWholeSlideDataPlans__wsd_None_iterator_nnunet_aug__2d/fold_1/milestone_best_checkpoints/epoch_0250/checkpoint_best_class_4_necrosis.pth	877759646
nnUNetTrainer_CutMixStainEMA__nnUNetWholeSlideDataPlans__wsd_None_iterator_nnunet_aug__2d/fold_1/milestone_best_checkpoints/epoch_0250/checkpoint_best.pth	877783384
nnUNetTrainer_CutMixStainEMA__nnUNetWholeSlideDataPlans__wsd_None_iterator_nnunet_aug__2d/fold_1/milestone_best_checkpoints/epoch_0250/checkpoint_latest.pth	877796580
nnUNetTrainer_CutMixStainEMA__nnUNetWholeSlideDataPlans__wsd_None_iterator_nnunet_aug__2d/fold_1/milestone_best_checkpoints/epoch_0500/checkpoint_best_class_1_other.pth	877933292
nnUNetTrainer_CutMixStainEMA__nnUNetWholeSlideDataPlans__wsd_None_iterator_nnunet_aug__2d/fold_1/milestone_best_checkpoints/epoch_0500/checkpoint_best_class_2_non-invasive_epithelium.pth	877956312
nnUNetTrainer_CutMixStainEMA__nnUNetWholeSlideDataPlans__wsd_None_iterator_nnunet_aug__2d/fold_1/milestone_best_checkpoints/epoch_0500/checkpoint_best_class_3_invasive_epithelium.pth	877953728
nnUNetTrainer_CutMixStainEMA__nnUNetWholeSlideDataPlans__wsd_None_iterator_nnunet_aug__2d/fold_1/milestone_best_checkpoints/epoch_0500/checkpoint_best_class_4_necrosis.pth	877949790
nnUNetTrainer_CutMixStainEMA__nnUNetWholeSlideDataPlans__wsd_None_iterator_nnunet_aug__2d/fold_1/milestone_best_checkpoints/epoch_0500/checkpoint_best.pth	877928280
nnUNetTrainer_CutMixStainEMA__nnUNetWholeSlideDataPlans__wsd_None_iterator_nnunet_aug__2d/fold_1/milestone_best_checkpoints/epoch_0500/checkpoint_latest.pth	877934756
nnUNetTrainer_CutMixStainEMA__nnUNetWholeSlideDataPlans__wsd_None_iterator_nnunet_aug__2d/fold_2/checkpoint_best_class_1_other.pth	878124908
nnUNetTrainer_CutMixStainEMA__nnUNetWholeSlideDataPlans__wsd_None_iterator_nnunet_aug__2d/fold_2/checkpoint_best_class_2_non-invasive_epithelium.pth	878141848
nnUNetTrainer_CutMixStainEMA__nnUNetWholeSlideDataPlans__wsd_None_iterator_nnunet_aug__2d/fold_2/checkpoint_best_class_3_invasive_epithelium.pth	878121088
nnUNetTrainer_CutMixStainEMA__nnUNetWholeSlideDataPlans__wsd_None_iterator_nnunet_aug__2d/fold_2/checkpoint_best_class_4_necrosis.pth	878095646
nnUNetTrainer_CutMixStainEMA__nnUNetWholeSlideDataPlans__wsd_None_iterator_nnunet_aug__2d/fold_2/checkpoint_best.pth	878124248
nnUNetTrainer_CutMixStainEMA__nnUNetWholeSlideDataPlans__wsd_None_iterator_nnunet_aug__2d/fold_2/checkpoint_latest.pth	878188644
nnUNetTrainer_CutMixStainEMA__nnUNetWholeSlideDataPlans__wsd_None_iterator_nnunet_aug__2d/fold_2/milestone_best_checkpoints/epoch_0250/checkpoint_best_class_1_other.pth	877808364
nnUNetTrainer_CutMixStainEMA__nnUNetWholeSlideDataPlans__wsd_None_iterator_nnunet_aug__2d/fold_2/milestone_best_checkpoints/epoch_0250/checkpoint_best_class_2_non-invasive_epithelium.pth	877815320
nnUNetTrainer_CutMixStainEMA__nnUNetWholeSlideDataPlans__wsd_None_iterator_nnunet_aug__2d/fold_2/milestone_best_checkpoints/epoch_0250/checkpoint_best_class_3_invasive_epithelium.pth	877808320
nnUNetTrainer_CutMixStainEMA__nnUNetWholeSlideDataPlans__wsd_None_iterator_nnunet_aug__2d/fold_2/milestone_best_checkpoints/epoch_0250/checkpoint_best_class_4_necrosis.pth	877796638
nnUNetTrainer_CutMixStainEMA__nnUNetWholeSlideDataPlans__wsd_None_iterator_nnunet_aug__2d/fold_2/milestone_best_checkpoints/epoch_0250/checkpoint_best.pth	877781720
nnUNetTrainer_CutMixStainEMA__nnUNetWholeSlideDataPlans__wsd_None_iterator_nnunet_aug__2d/fold_2/milestone_best_checkpoints/epoch_0250/checkpoint_latest.pth	877796580
nnUNetTrainer_CutMixStainEMA__nnUNetWholeSlideDataPlans__wsd_None_iterator_nnunet_aug__2d/fold_2/milestone_best_checkpoints/epoch_0500/checkpoint_best_class_1_other.pth	877947052
nnUNetTrainer_CutMixStainEMA__nnUNetWholeSlideDataPlans__wsd_None_iterator_nnunet_aug__2d/fold_2/milestone_best_checkpoints/epoch_0500/checkpoint_best_class_2_non-invasive_epithelium.pth	877959512
nnUNetTrainer_CutMixStainEMA__nnUNetWholeSlideDataPlans__wsd_None_iterator_nnunet_aug__2d/fold_2/milestone_best_checkpoints/epoch_0500/checkpoint_best_class_3_invasive_epithelium.pth	877953600
nnUNetTrainer_CutMixStainEMA__nnUNetWholeSlideDataPlans__wsd_None_iterator_nnunet_aug__2d/fold_2/milestone_best_checkpoints/epoch_0500/checkpoint_best_class_4_necrosis.pth	877941918
nnUNetTrainer_CutMixStainEMA__nnUNetWholeSlideDataPlans__wsd_None_iterator_nnunet_aug__2d/fold_2/milestone_best_checkpoints/epoch_0500/checkpoint_best.pth	877901656
nnUNetTrainer_CutMixStainEMA__nnUNetWholeSlideDataPlans__wsd_None_iterator_nnunet_aug__2d/fold_2/milestone_best_checkpoints/epoch_0500/checkpoint_latest.pth	877934692
nnUNetTrainer_CutMixStainEMA__nnUNetWholeSlideDataPlans__wsd_None_iterator_nnunet_aug__2d/fold_2/milestone_best_checkpoints/epoch_0750/checkpoint_best_class_1_other.pth	877953068
nnUNetTrainer_CutMixStainEMA__nnUNetWholeSlideDataPlans__wsd_None_iterator_nnunet_aug__2d/fold_2/milestone_best_checkpoints/epoch_0750/checkpoint_best_class_2_non-invasive_epithelium.pth	878029528
nnUNetTrainer_CutMixStainEMA__nnUNetWholeSlideDataPlans__wsd_None_iterator_nnunet_aug__2d/fold_2/milestone_best_checkpoints/epoch_0750/checkpoint_best_class_3_invasive_epithelium.pth	878013120
nnUNetTrainer_CutMixStainEMA__nnUNetWholeSlideDataPlans__wsd_None_iterator_nnunet_aug__2d/fold_2/milestone_best_checkpoints/epoch_0750/checkpoint_best_class_4_necrosis.pth	878037278
nnUNetTrainer_CutMixStainEMA__nnUNetWholeSlideDataPlans__wsd_None_iterator_nnunet_aug__2d/fold_2/milestone_best_checkpoints/epoch_0750/checkpoint_best.pth	878061976
nnUNetTrainer_CutMixStainEMA__nnUNetWholeSlideDataPlans__wsd_None_iterator_nnunet_aug__2d/fold_2/milestone_best_checkpoints/epoch_0750/checkpoint_latest.pth	878072356
nnUNetTrainer_CutMixStainEMA__nnUNetWholeSlideDataPlans__wsd_None_iterator_nnunet_aug__2d/fold_3/checkpoint_best_class_1_other.pth	878099116
nnUNetTrainer_CutMixStainEMA__nnUNetWholeSlideDataPlans__wsd_None_iterator_nnunet_aug__2d/fold_3/checkpoint_best_class_2_non-invasive_epithelium.pth	878120472
nnUNetTrainer_CutMixStainEMA__nnUNetWholeSlideDataPlans__wsd_None_iterator_nnunet_aug__2d/fold_3/checkpoint_best_class_3_invasive_epithelium.pth	878088128
nnUNetTrainer_CutMixStainEMA__nnUNetWholeSlideDataPlans__wsd_None_iterator_nnunet_aug__2d/fold_3/checkpoint_best_class_4_necrosis.pth	877975646
nnUNetTrainer_CutMixStainEMA__nnUNetWholeSlideDataPlans__wsd_None_iterator_nnunet_aug__2d/fold_3/checkpoint_best.pth	878080792
nnUNetTrainer_CutMixStainEMA__nnUNetWholeSlideDataPlans__wsd_None_iterator_nnunet_aug__2d/fold_3/checkpoint_latest.pth	878113188
nnUNetTrainer_CutMixStainEMA__nnUNetWholeSlideDataPlans__wsd_None_iterator_nnunet_aug__2d/fold_3/milestone_best_checkpoints/epoch_0250/checkpoint_best_class_1_other.pth	877768556
nnUNetTrainer_CutMixStainEMA__nnUNetWholeSlideDataPlans__wsd_None_iterator_nnunet_aug__2d/fold_3/milestone_best_checkpoints/epoch_0250/checkpoint_best_class_2_non-invasive_epithelium.pth	877796504
nnUNetTrainer_CutMixStainEMA__nnUNetWholeSlideDataPlans__wsd_None_iterator_nnunet_aug__2d/fold_3/milestone_best_checkpoints/epoch_0250/checkpoint_best_class_3_invasive_epithelium.pth	877809984
nnUNetTrainer_CutMixStainEMA__nnUNetWholeSlideDataPlans__wsd_None_iterator_nnunet_aug__2d/fold_3/milestone_best_checkpoints/epoch_0250/checkpoint_best_class_4_necrosis.pth	877791646
nnUNetTrainer_CutMixStainEMA__nnUNetWholeSlideDataPlans__wsd_None_iterator_nnunet_aug__2d/fold_3/milestone_best_checkpoints/epoch_0250/checkpoint_best.pth	877791640
nnUNetTrainer_CutMixStainEMA__nnUNetWholeSlideDataPlans__wsd_None_iterator_nnunet_aug__2d/fold_3/milestone_best_checkpoints/epoch_0250/checkpoint_latest.pth	877796516
nnUNetTrainer_CutMixStainEMA__nnUNetWholeSlideDataPlans__wsd_None_iterator_nnunet_aug__2d/fold_3/milestone_best_checkpoints/epoch_0500/checkpoint_best_class_1_other.pth	877947116
nnUNetTrainer_CutMixStainEMA__nnUNetWholeSlideDataPlans__wsd_None_iterator_nnunet_aug__2d/fold_3/milestone_best_checkpoints/epoch_0500/checkpoint_best_class_2_non-invasive_epithelium.pth	877966232
nnUNetTrainer_CutMixStainEMA__nnUNetWholeSlideDataPlans__wsd_None_iterator_nnunet_aug__2d/fold_3/milestone_best_checkpoints/epoch_0500/checkpoint_best_class_3_invasive_epithelium.pth	877961984
nnUNetTrainer_CutMixStainEMA__nnUNetWholeSlideDataPlans__wsd_None_iterator_nnunet_aug__2d/fold_3/milestone_best_checkpoints/epoch_0500/checkpoint_best_class_4_necrosis.pth	877949726
nnUNetTrainer_CutMixStainEMA__nnUNetWholeSlideDataPlans__wsd_None_iterator_nnunet_aug__2d/fold_3/milestone_best_checkpoints/epoch_0500/checkpoint_best.pth	877891736
nnUNetTrainer_CutMixStainEMA__nnUNetWholeSlideDataPlans__wsd_None_iterator_nnunet_aug__2d/fold_3/milestone_best_checkpoints/epoch_0500/checkpoint_latest.pth	877934756
nnUNetTrainer_CutMixStainEMA__nnUNetWholeSlideDataPlans__wsd_None_iterator_nnunet_aug__2d/fold_3/milestone_best_checkpoints/epoch_0750/checkpoint_best_class_1_other.pth	878036908
nnUNetTrainer_CutMixStainEMA__nnUNetWholeSlideDataPlans__wsd_None_iterator_nnunet_aug__2d/fold_3/milestone_best_checkpoints/epoch_0750/checkpoint_best_class_2_non-invasive_epithelium.pth	877989976
nnUNetTrainer_CutMixStainEMA__nnUNetWholeSlideDataPlans__wsd_None_iterator_nnunet_aug__2d/fold_3/milestone_best_checkpoints/epoch_0750/checkpoint_best_class_3_invasive_epithelium.pth	878088128
nnUNetTrainer_CutMixStainEMA__nnUNetWholeSlideDataPlans__wsd_None_iterator_nnunet_aug__2d/fold_3/milestone_best_checkpoints/epoch_0750/checkpoint_best_class_4_necrosis.pth	877975646
nnUNetTrainer_CutMixStainEMA__nnUNetWholeSlideDataPlans__wsd_None_iterator_nnunet_aug__2d/fold_3/milestone_best_checkpoints/epoch_0750/checkpoint_best.pth	878030168
nnUNetTrainer_CutMixStainEMA__nnUNetWholeSlideDataPlans__wsd_None_iterator_nnunet_aug__2d/fold_3/milestone_best_checkpoints/epoch_0750/checkpoint_latest.pth	878072484
nnUNetTrainer_CutMixStainEMA__nnUNetWholeSlideDataPlans__wsd_None_iterator_nnunet_aug__2d/fold_4/checkpoint_best_class_1_other.pth	878047788
nnUNetTrainer_CutMixStainEMA__nnUNetWholeSlideDataPlans__wsd_None_iterator_nnunet_aug__2d/fold_4/checkpoint_best_class_2_non-invasive_epithelium.pth	878110424
nnUNetTrainer_CutMixStainEMA__nnUNetWholeSlideDataPlans__wsd_None_iterator_nnunet_aug__2d/fold_4/checkpoint_best_class_3_invasive_epithelium.pth	878216256
nnUNetTrainer_CutMixStainEMA__nnUNetWholeSlideDataPlans__wsd_None_iterator_nnunet_aug__2d/fold_4/checkpoint_best_class_4_necrosis.pth	878026270
nnUNetTrainer_CutMixStainEMA__nnUNetWholeSlideDataPlans__wsd_None_iterator_nnunet_aug__2d/fold_4/checkpoint_best.pth	878178648
nnUNetTrainer_CutMixStainEMA__nnUNetWholeSlideDataPlans__wsd_None_iterator_nnunet_aug__2d/fold_4/checkpoint_latest.pth	878203940
nnUNetTrainer_CutMixStainEMA__nnUNetWholeSlideDataPlans__wsd_None_iterator_nnunet_aug__2d/fold_4/milestone_best_checkpoints/epoch_0250/checkpoint_best_class_1_other.pth	877753708
nnUNetTrainer_CutMixStainEMA__nnUNetWholeSlideDataPlans__wsd_None_iterator_nnunet_aug__2d/fold_4/milestone_best_checkpoints/epoch_0250/checkpoint_best_class_2_non-invasive_epithelium.pth	877824216
nnUNetTrainer_CutMixStainEMA__nnUNetWholeSlideDataPlans__wsd_None_iterator_nnunet_aug__2d/fold_4/milestone_best_checkpoints/epoch_0250/checkpoint_best_class_3_invasive_epithelium.pth	877816640
nnUNetTrainer_CutMixStainEMA__nnUNetWholeSlideDataPlans__wsd_None_iterator_nnunet_aug__2d/fold_4/milestone_best_checkpoints/epoch_0250/checkpoint_best_class_4_necrosis.pth	877757406
nnUNetTrainer_CutMixStainEMA__nnUNetWholeSlideDataPlans__wsd_None_iterator_nnunet_aug__2d/fold_4/milestone_best_checkpoints/epoch_0250/checkpoint_best.pth	877794456
nnUNetTrainer_CutMixStainEMA__nnUNetWholeSlideDataPlans__wsd_None_iterator_nnunet_aug__2d/fold_4/milestone_best_checkpoints/epoch_0250/checkpoint_latest.pth	877796580
nnUNetTrainer_CutMixStainEMA__nnUNetWholeSlideDataPlans__wsd_None_iterator_nnunet_aug__2d/fold_4/milestone_best_checkpoints/epoch_0500/checkpoint_best_class_1_other.pth	877925548
nnUNetTrainer_CutMixStainEMA__nnUNetWholeSlideDataPlans__wsd_None_iterator_nnunet_aug__2d/fold_4/milestone_best_checkpoints/epoch_0500/checkpoint_best_class_2_non-invasive_epithelium.pth	877944664
nnUNetTrainer_CutMixStainEMA__nnUNetWholeSlideDataPlans__wsd_None_iterator_nnunet_aug__2d/fold_4/milestone_best_checkpoints/epoch_0500/checkpoint_best_class_3_invasive_epithelium.pth	877944832
nnUNetTrainer_CutMixStainEMA__nnUNetWholeSlideDataPlans__wsd_None_iterator_nnunet_aug__2d/fold_4/milestone_best_checkpoints/epoch_0500/checkpoint_best_class_4_necrosis.pth	877944734
nnUNetTrainer_CutMixStainEMA__nnUNetWholeSlideDataPlans__wsd_None_iterator_nnunet_aug__2d/fold_4/milestone_best_checkpoints/epoch_0500/checkpoint_best.pth	877913240
nnUNetTrainer_CutMixStainEMA__nnUNetWholeSlideDataPlans__wsd_None_iterator_nnunet_aug__2d/fold_4/milestone_best_checkpoints/epoch_0500/checkpoint_latest.pth	877934756
nnUNetTrainer_CutMixStainEMA__nnUNetWholeSlideDataPlans__wsd_None_iterator_nnunet_aug__2d/fold_4/milestone_best_checkpoints/epoch_0750/checkpoint_best_class_1_other.pth	878047788
nnUNetTrainer_CutMixStainEMA__nnUNetWholeSlideDataPlans__wsd_None_iterator_nnunet_aug__2d/fold_4/milestone_best_checkpoints/epoch_0750/checkpoint_best_class_2_non-invasive_epithelium.pth	878031192
nnUNetTrainer_CutMixStainEMA__nnUNetWholeSlideDataPlans__wsd_None_iterator_nnunet_aug__2d/fold_4/milestone_best_checkpoints/epoch_0750/checkpoint_best_class_3_invasive_epithelium.pth	878047296
nnUNetTrainer_CutMixStainEMA__nnUNetWholeSlideDataPlans__wsd_None_iterator_nnunet_aug__2d/fold_4/milestone_best_checkpoints/epoch_0750/checkpoint_best_class_4_necrosis.pth	878026270
nnUNetTrainer_CutMixStainEMA__nnUNetWholeSlideDataPlans__wsd_None_iterator_nnunet_aug__2d/fold_4/milestone_best_checkpoints/epoch_0750/checkpoint_best.pth	878010264
nnUNetTrainer_CutMixStainEMA__nnUNetWholeSlideDataPlans__wsd_None_iterator_nnunet_aug__2d/fold_4/milestone_best_checkpoints/epoch_0750/checkpoint_latest.pth	878072356
nnUNetTrainerPathologyFocalClassMetricsAlpha1000Milestones__nnUNetWholeSlideDataPlans__wsd_None_iterator_nnunet_aug__2d/fold_0/checkpoint_best_class_1_other.pth	371461682
nnUNetTrainerPathologyFocalClassMetricsAlpha1000Milestones__nnUNetWholeSlideDataPlans__wsd_None_iterator_nnunet_aug__2d/fold_0/checkpoint_best_class_2_non-invasive_epithelium.pth	371428446
nnUNetTrainerPathologyFocalClassMetricsAlpha1000Milestones__nnUNetWholeSlideDataPlans__wsd_None_iterator_nnunet_aug__2d/fold_0/checkpoint_best_class_3_invasive_epithelium.pth	371497414
nnUNetTrainerPathologyFocalClassMetricsAlpha1000Milestones__nnUNetWholeSlideDataPlans__wsd_None_iterator_nnunet_aug__2d/fold_0/checkpoint_best_class_4_necrosis.pth	371411524
nnUNetTrainerPathologyFocalClassMetricsAlpha1000Milestones__nnUNetWholeSlideDataPlans__wsd_None_iterator_nnunet_aug__2d/fold_0/checkpoint_best.pth	371483550
nnUNetTrainerPathologyFocalClassMetricsAlpha1000Milestones__nnUNetWholeSlideDataPlans__wsd_None_iterator_nnunet_aug__2d/fold_0/checkpoint_final.pth	371489444
nnUNetTrainerPathologyFocalClassMetricsAlpha1000Milestones__nnUNetWholeSlideDataPlans__wsd_None_iterator_nnunet_aug__2d/fold_0/milestone_best_checkpoints/epoch_0250/checkpoint_best_class_1_other.pth	371068914
nnUNetTrainerPathologyFocalClassMetricsAlpha1000Milestones__nnUNetWholeSlideDataPlans__wsd_None_iterator_nnunet_aug__2d/fold_0/milestone_best_checkpoints/epoch_0250/checkpoint_best_class_2_non-invasive_epithelium.pth	371082078
nnUNetTrainerPathologyFocalClassMetricsAlpha1000Milestones__nnUNetWholeSlideDataPlans__wsd_None_iterator_nnunet_aug__2d/fold_0/milestone_best_checkpoints/epoch_0250/checkpoint_best_class_3_invasive_epithelium.pth	371055174
nnUNetTrainerPathologyFocalClassMetricsAlpha1000Milestones__nnUNetWholeSlideDataPlans__wsd_None_iterator_nnunet_aug__2d/fold_0/milestone_best_checkpoints/epoch_0250/checkpoint_best_class_4_necrosis.pth	371034820
nnUNetTrainerPathologyFocalClassMetricsAlpha1000Milestones__nnUNetWholeSlideDataPlans__wsd_None_iterator_nnunet_aug__2d/fold_0/milestone_best_checkpoints/epoch_0250/checkpoint_best.pth	371041310
nnUNetTrainerPathologyFocalClassMetricsAlpha1000Milestones__nnUNetWholeSlideDataPlans__wsd_None_iterator_nnunet_aug__2d/fold_0/milestone_best_checkpoints/epoch_0250/checkpoint_latest.pth	371076266
nnUNetTrainerPathologyFocalClassMetricsAlpha1000Milestones__nnUNetWholeSlideDataPlans__wsd_None_iterator_nnunet_aug__2d/fold_0/milestone_best_checkpoints/epoch_0500/checkpoint_best_class_1_other.pth	371120882
nnUNetTrainerPathologyFocalClassMetricsAlpha1000Milestones__nnUNetWholeSlideDataPlans__wsd_None_iterator_nnunet_aug__2d/fold_0/milestone_best_checkpoints/epoch_0500/checkpoint_best_class_2_non-invasive_epithelium.pth	371152734
nnUNetTrainerPathologyFocalClassMetricsAlpha1000Milestones__nnUNetWholeSlideDataPlans__wsd_None_iterator_nnunet_aug__2d/fold_0/milestone_best_checkpoints/epoch_0500/checkpoint_best_class_3_invasive_epithelium.pth	371212422
nnUNetTrainerPathologyFocalClassMetricsAlpha1000Milestones__nnUNetWholeSlideDataPlans__wsd_None_iterator_nnunet_aug__2d/fold_0/milestone_best_checkpoints/epoch_0500/checkpoint_best_class_4_necrosis.pth	371201540
nnUNetTrainerPathologyFocalClassMetricsAlpha1000Milestones__nnUNetWholeSlideDataPlans__wsd_None_iterator_nnunet_aug__2d/fold_0/milestone_best_checkpoints/epoch_0500/checkpoint_best.pth	371202974
nnUNetTrainerPathologyFocalClassMetricsAlpha1000Milestones__nnUNetWholeSlideDataPlans__wsd_None_iterator_nnunet_aug__2d/fold_0/milestone_best_checkpoints/epoch_0500/checkpoint_latest.pth	371214250
nnUNetTrainerPathologyFocalClassMetricsAlpha1000Milestones__nnUNetWholeSlideDataPlans__wsd_None_iterator_nnunet_aug__2d/fold_0/milestone_best_checkpoints/epoch_0750/checkpoint_best_class_1_other.pth	371339698
nnUNetTrainerPathologyFocalClassMetricsAlpha1000Milestones__nnUNetWholeSlideDataPlans__wsd_None_iterator_nnunet_aug__2d/fold_0/milestone_best_checkpoints/epoch_0750/checkpoint_best_class_2_non-invasive_epithelium.pth	371317534
nnUNetTrainerPathologyFocalClassMetricsAlpha1000Milestones__nnUNetWholeSlideDataPlans__wsd_None_iterator_nnunet_aug__2d/fold_0/milestone_best_checkpoints/epoch_0750/checkpoint_best_class_3_invasive_epithelium.pth	371315462
nnUNetTrainerPathologyFocalClassMetricsAlpha1000Milestones__nnUNetWholeSlideDataPlans__wsd_None_iterator_nnunet_aug__2d/fold_0/milestone_best_checkpoints/epoch_0750/checkpoint_best_class_4_necrosis.pth	371346948
nnUNetTrainerPathologyFocalClassMetricsAlpha1000Milestones__nnUNetWholeSlideDataPlans__wsd_None_iterator_nnunet_aug__2d/fold_0/milestone_best_checkpoints/epoch_0750/checkpoint_best.pth	371350110
nnUNetTrainerPathologyFocalClassMetricsAlpha1000Milestones__nnUNetWholeSlideDataPlans__wsd_None_iterator_nnunet_aug__2d/fold_0/milestone_best_checkpoints/epoch_0750/checkpoint_latest.pth	371351978
nnUNetTrainerPathologyFocalClassMetricsAlpha1000Milestones__nnUNetWholeSlideDataPlans__wsd_None_iterator_nnunet_aug__2d/fold_0/milestone_best_checkpoints/epoch_1000/checkpoint_best_class_1_other.pth	371461682
nnUNetTrainerPathologyFocalClassMetricsAlpha1000Milestones__nnUNetWholeSlideDataPlans__wsd_None_iterator_nnunet_aug__2d/fold_0/milestone_best_checkpoints/epoch_1000/checkpoint_best_class_2_non-invasive_epithelium.pth	371428446
nnUNetTrainerPathologyFocalClassMetricsAlpha1000Milestones__nnUNetWholeSlideDataPlans__wsd_None_iterator_nnunet_aug__2d/fold_0/milestone_best_checkpoints/epoch_1000/checkpoint_best_class_3_invasive_epithelium.pth	371497414
nnUNetTrainerPathologyFocalClassMetricsAlpha1000Milestones__nnUNetWholeSlideDataPlans__wsd_None_iterator_nnunet_aug__2d/fold_0/milestone_best_checkpoints/epoch_1000/checkpoint_best_class_4_necrosis.pth	371411524
nnUNetTrainerPathologyFocalClassMetricsAlpha1000Milestones__nnUNetWholeSlideDataPlans__wsd_None_iterator_nnunet_aug__2d/fold_0/milestone_best_checkpoints/epoch_1000/checkpoint_best.pth	371483550
nnUNetTrainerPathologyFocalClassMetricsAlpha1000Milestones__nnUNetWholeSlideDataPlans__wsd_None_iterator_nnunet_aug__2d/fold_0/milestone_best_checkpoints/epoch_1000/checkpoint_final.pth	371489444
nnUNetTrainerPathologyFocalClassMetricsAlpha1000Milestones__nnUNetWholeSlideDataPlans__wsd_None_iterator_nnunet_aug__2d/fold_0/milestone_best_checkpoints/epoch_1000/checkpoint_latest.pth	371489322
nnUNetTrainerPathologyFocalClassMetricsAlphaContext1024FT100__nnUNetWholeSlideDataPlans__wsd_None_iterator_nnunet_aug__2d_context1024/fold_0/checkpoint_best_class_1_other.pth	370977010
nnUNetTrainerPathologyFocalClassMetricsAlphaContext1024FT100__nnUNetWholeSlideDataPlans__wsd_None_iterator_nnunet_aug__2d_context1024/fold_0/checkpoint_best_class_2_non-invasive_epithelium.pth	370965278
nnUNetTrainerPathologyFocalClassMetricsAlphaContext1024FT100__nnUNetWholeSlideDataPlans__wsd_None_iterator_nnunet_aug__2d_context1024/fold_0/checkpoint_best_class_3_invasive_epithelium.pth	370973126
nnUNetTrainerPathologyFocalClassMetricsAlphaContext1024FT100__nnUNetWholeSlideDataPlans__wsd_None_iterator_nnunet_aug__2d_context1024/fold_0/checkpoint_best_class_4_necrosis.pth	370966020
nnUNetTrainerPathologyFocalClassMetricsAlphaContext1024FT100__nnUNetWholeSlideDataPlans__wsd_None_iterator_nnunet_aug__2d_context1024/fold_0/checkpoint_best.pth	370989086
nnUNetTrainerPathologyFocalClassMetricsAlphaContext1024FT100__nnUNetWholeSlideDataPlans__wsd_None_iterator_nnunet_aug__2d_context1024/fold_0/checkpoint_final.pth	370993892
nnUNetTrainerPathologyFocalClassMetricsAlphaContext1024Pilot5__nnUNetWholeSlideDataPlans__wsd_None_iterator_nnunet_aug__2d_context1024/fold_0/checkpoint_best_class_1_other.pth	370945010
nnUNetTrainerPathologyFocalClassMetricsAlphaContext1024Pilot5__nnUNetWholeSlideDataPlans__wsd_None_iterator_nnunet_aug__2d_context1024/fold_0/checkpoint_best_class_2_non-invasive_epithelium.pth	370950878
nnUNetTrainerPathologyFocalClassMetricsAlphaContext1024Pilot5__nnUNetWholeSlideDataPlans__wsd_None_iterator_nnunet_aug__2d_context1024/fold_0/checkpoint_best_class_3_invasive_epithelium.pth	370950470
nnUNetTrainerPathologyFocalClassMetricsAlphaContext1024Pilot5__nnUNetWholeSlideDataPlans__wsd_None_iterator_nnunet_aug__2d_context1024/fold_0/checkpoint_best_class_4_necrosis.pth	370946692
nnUNetTrainerPathologyFocalClassMetricsAlphaContext1024Pilot5__nnUNetWholeSlideDataPlans__wsd_None_iterator_nnunet_aug__2d_context1024/fold_0/checkpoint_best.pth	370940446
nnUNetTrainerPathologyFocalClassMetricsAlphaContext1024Pilot5__nnUNetWholeSlideDataPlans__wsd_None_iterator_nnunet_aug__2d_context1024/fold_0/checkpoint_final.pth	370941412
nnUNetTrainerPathologyFocalClassMetricsAlpha__nnUNetWholeSlideDataPlans__wsd_None_iterator_nnunet_aug__2d/fold_0/checkpoint_best_class_1_other.pth	371072882
nnUNetTrainerPathologyFocalClassMetricsAlpha__nnUNetWholeSlideDataPlans__wsd_None_iterator_nnunet_aug__2d/fold_0/checkpoint_best_class_2_non-invasive_epithelium.pth	371087646
nnUNetTrainerPathologyFocalClassMetricsAlpha__nnUNetWholeSlideDataPlans__wsd_None_iterator_nnunet_aug__2d/fold_0/checkpoint_best_class_3_invasive_epithelium.pth	371071686
nnUNetTrainerPathologyFocalClassMetricsAlpha__nnUNetWholeSlideDataPlans__wsd_None_iterator_nnunet_aug__2d/fold_0/checkpoint_best_class_4_necrosis.pth	371073476
nnUNetTrainerPathologyFocalClassMetricsAlpha__nnUNetWholeSlideDataPlans__wsd_None_iterator_nnunet_aug__2d/fold_0/checkpoint_best.pth	371071134
nnUNetTrainerPathologyFocalClassMetricsAlpha__nnUNetWholeSlideDataPlans__wsd_None_iterator_nnunet_aug__2d/fold_0/checkpoint_final.pth	371075940
nnUNetTrainerPathologyFocalClassMetrics__nnUNetWholeSlideDataPlans__wsd_None_iterator_nnunet_aug__2d/fold_0/checkpoint_best_class_1_other.pth	371044722
nnUNetTrainerPathologyFocalClassMetrics__nnUNetWholeSlideDataPlans__wsd_None_iterator_nnunet_aug__2d/fold_0/checkpoint_best_class_2_non-invasive_epithelium.pth	371084318
nnUNetTrainerPathologyFocalClassMetrics__nnUNetWholeSlideDataPlans__wsd_None_iterator_nnunet_aug__2d/fold_0/checkpoint_best_class_3_invasive_epithelium.pth	371076614
nnUNetTrainerPathologyFocalClassMetrics__nnUNetWholeSlideDataPlans__wsd_None_iterator_nnunet_aug__2d/fold_0/checkpoint_best_class_4_necrosis.pth	371064580
nnUNetTrainerPathologyFocalClassMetrics__nnUNetWholeSlideDataPlans__wsd_None_iterator_nnunet_aug__2d/fold_0/checkpoint_best.pth	371070558
nnUNetTrainerPathologyFocalClassMetrics__nnUNetWholeSlideDataPlans__wsd_None_iterator_nnunet_aug__2d/fold_0/checkpoint_final.pth	371075876
nnUNetTrainerPathologyFocal__nnUNetWholeSlideDataPlans__wsd_None_iterator_nnunet_aug__2d/fold_0/checkpoint_best.pth	371073246
nnUNetTrainerPathologyFocal__nnUNetWholeSlideDataPlans__wsd_None_iterator_nnunet_aug__2d/fold_0/checkpoint_final.pth	371075876
nnUNetTrainerPathologyWFCHardMining250__nnUNetWholeSlideDataPlans__wsd_None_iterator_nnunet_aug__2d/fold_0/checkpoint_best_class_1_other.pth	371050738
nnUNetTrainerPathologyWFCHardMining250__nnUNetWholeSlideDataPlans__wsd_None_iterator_nnunet_aug__2d/fold_0/checkpoint_best_class_2_non-invasive_epithelium.pth	371075486
nnUNetTrainerPathologyWFCHardMining250__nnUNetWholeSlideDataPlans__wsd_None_iterator_nnunet_aug__2d/fold_0/checkpoint_best_class_3_invasive_epithelium.pth	371056774
nnUNetTrainerPathologyWFCHardMining250__nnUNetWholeSlideDataPlans__wsd_None_iterator_nnunet_aug__2d/fold_0/checkpoint_best_class_4_necrosis.pth	371070724
nnUNetTrainerPathologyWFCHardMining250__nnUNetWholeSlideDataPlans__wsd_None_iterator_nnunet_aug__2d/fold_0/checkpoint_best.pth	371075550
nnUNetTrainerPathologyWFCHardMining250__nnUNetWholeSlideDataPlans__wsd_None_iterator_nnunet_aug__2d/fold_0/checkpoint_final.pth	371075940
nnUNetTrainerPathologyWFCMAWS250__nnUNetWholeSlideDataPlans__wsd_None_iterator_nnunet_aug__2d/fold_0/checkpoint_best_class_1_other.pth	371041394
nnUNetTrainerPathologyWFCMAWS250__nnUNetWholeSlideDataPlans__wsd_None_iterator_nnunet_aug__2d/fold_0/checkpoint_best_class_2_non-invasive_epithelium.pth	371059486
nnUNetTrainerPathologyWFCMAWS250__nnUNetWholeSlideDataPlans__wsd_None_iterator_nnunet_aug__2d/fold_0/checkpoint_best_class_3_invasive_epithelium.pth	371065670
nnUNetTrainerPathologyWFCMAWS250__nnUNetWholeSlideDataPlans__wsd_None_iterator_nnunet_aug__2d/fold_0/checkpoint_best_class_4_necrosis.pth	371026564
nnUNetTrainerPathologyWFCMAWS250__nnUNetWholeSlideDataPlans__wsd_None_iterator_nnunet_aug__2d/fold_0/checkpoint_best.pth	371072734
nnUNetTrainerPathologyWFCMAWS250__nnUNetWholeSlideDataPlans__wsd_None_iterator_nnunet_aug__2d/fold_0/checkpoint_final.pth	371075876
nnUNetTrainer_WSD_wei_i0_nnunet_aug_json_DiceFocal__nnUNetWholeSlideDataPlans__wsd_None_iterator_nnunet_aug__2d/fold_0/checkpoint_best.pth	371033310
nnUNetTrainer_WSD_wei_i0_nnunet_aug_json_DiceFocal__nnUNetWholeSlideDataPlans__wsd_None_iterator_nnunet_aug__2d/fold_0/checkpoint_latest.pth	371045674
nnUNetTrainer_WSD_wei_i0_nnunet_aug_json__nnUNetWholeSlideDataPlans__wsd_None_iterator_nnunet_aug__2d/fold_0/checkpoint_best.pth	371301534
nnUNetTrainer_WSD_wei_i0_nnunet_aug_json__nnUNetWholeSlideDataPlans__wsd_None_iterator_nnunet_aug__2d/fold_0/checkpoint_latest.pth	371354154
