sep=,
epoch,mean_fg_dice,dice_1_other,dice_2_non-invasive_epithelium,dice_3_invasive_epithelium,dice_4_necrosis
0,0.3226063050893815,0.5475450513701693,0.2708565745956801,0.28448602799115896,0.1875375664005176
1,0.37934312185817703,0.541427233538513,0.5948153678151946,4.038423173441391e-06,0.38112584765582724
2,0.29330176719182516,0.5563055907242298,0.5825661625132971,0.019298670968934215,0.015036644560839441
3,0.3362142995309542,0.3966731776261201,0.5631034302814968,0.0,0.3850805902162
4,0.37654462842968695,0.4826302863577454,0.6257000707544373,0.0,0.397848156606565
5,0.375650751462226,0.5263141955313724,0.6108218335748037,0.0,0.36546697674272793
6,0.3927302280216184,0.5352801556292338,0.623490740934033,0.0,0.4121500155232068
7,0.4039001425273938,0.5839611384585198,0.630811123617072,7.398100542895542e-05,0.40075432702855457
8,0.3978828615996962,0.615550343192101,0.617424506338011,0.0014082112120796597,0.3571483856565931
9,0.4013321957542193,0.5760056812371434,0.6016394285730695,0.00705453146471079,0.4206291417419533
10,0.41572231127524806,0.5638419672839613,0.6326715541874293,0.0009431598388463607,0.46543256379075537
11,0.4277925246953256,0.5674859240836914,0.6258879564971842,0.07578437644947993,0.44201184175094677
12,0.4439360565218753,0.5878788010533696,0.6390734122946934,0.1666817143743776,0.3821102983650607
13,0.49219446295280445,0.616295324621393,0.6129736857885416,0.281771474861513,0.4577373665397701
14,0.45852378267419286,0.6236141890507126,0.5693445680734289,0.24894787611179303,0.3921884974608367
15,0.49405099415189174,0.6099326610461511,0.6050362105800868,0.3132773170232138,0.4479577879581152
16,0.5160556766346736,0.6207538367856237,0.5997520710162173,0.29532068258861255,0.5483961161482406
17,0.4995559766415209,0.620783616661727,0.5468556272131232,0.3348486453516284,0.495736017339605
18,0.5012073507537436,0.6124749302427958,0.5464468467708989,0.3063962933777601,0.5395113326235197
19,0.5117415727374148,0.6004097124530408,0.5690172212933007,0.304399743934581,0.5731396132687371
20,0.5186218155399038,0.6208956369774776,0.5333251717519406,0.32041002638241756,0.5998564270477797
21,0.5207568126426497,0.6444647805516499,0.5204749185720624,0.33327811427753096,0.5848094371693556
22,0.5457831231562429,0.6310133028959658,0.5807427077641972,0.3494393923499402,0.6219370896148684
23,0.5659605605761034,0.6662354722461201,0.5885707311820237,0.35793435755050046,0.6511016813257692
24,0.5592498803232772,0.6468431481350003,0.636170503068798,0.3278301309466073,0.6261557391427028
25,0.6034713360268897,0.6737479694520798,0.648380547076017,0.4222472240971641,0.669509603482298
26,0.5722134774748692,0.6470421044517529,0.6391590290082432,0.406704708710759,0.5959480677287218
27,0.5932158302279542,0.698488176962211,0.6557426294157289,0.383322650118003,0.6353098644158741
28,0.5944566222529998,0.7145676232966395,0.6589575965966539,0.41503242053344946,0.5892688485852563
29,0.6092505523700059,0.6956276736543123,0.6813829948574056,0.41933643429235146,0.6406551066759544
30,0.61985009165071,0.719553173595733,0.66228583193038,0.3867749823135556,0.7107863787631713
31,0.6333991644383201,0.7286920586700641,0.6700923289351393,0.4405717154175517,0.6942405547305253
32,0.6019579254104351,0.7250972660974008,0.6697847367809496,0.39887299651274316,0.614076702250647
33,0.6650301725616599,0.7090934848634962,0.7249066358333607,0.4921324904459874,0.7339880791037949
34,0.62771349309632,0.7337038648944724,0.6498276279963692,0.3954201477277166,0.7319023317667219
35,0.6115854575014199,0.692419736802421,0.6748967870539523,0.431736632289853,0.6472886738594533
36,0.6378689471157218,0.6850911818417132,0.7381865569870829,0.43013446069802674,0.6980635889360646
37,0.6145852961524794,0.6875623836508179,0.6948788065289097,0.4183630961888395,0.6575368982413505
38,0.6782794987991936,0.721435071773774,0.7273133593912839,0.5204065346393154,0.7439630293924011
39,0.6423726412206197,0.7334174100517402,0.6570454490565253,0.48377887870112685,0.6952488270730863
40,0.6306158618116461,0.7010261975751279,0.6973619068291554,0.4236992447443326,0.7003760980979686
41,0.6078531913611064,0.6901603353290721,0.6173580208387033,0.4227881131070072,0.7011062961696432
42,0.5998513542412711,0.7179845690661015,0.6083099551287375,0.3781319111828438,0.6949789815874019
43,0.6304241315051163,0.7078165128057492,0.6386392047709442,0.48596855975170994,0.689272248692062
44,0.6450525934044072,0.7064718860650656,0.6376482340243631,0.4702040862694377,0.7658861672587626
45,0.6213396104443776,0.6946178634711251,0.6381332343401758,0.4295943811113861,0.7230129628548234
46,0.6324042086843187,0.7244823498753032,0.6576035878707621,0.4429591378616045,0.7045717591296052
47,0.6698043586417274,0.7368822274522362,0.710693079134757,0.5438085429244411,0.6878335850554752
48,0.6308887955821585,0.7161372987497986,0.6254505520649616,0.5002951290497459,0.6816722024641277
49,0.645308099781223,0.7248449015400362,0.6403143237809265,0.46351782947003944,0.75255534433389
50,0.6421302680976756,0.7331907536701064,0.6398592468298636,0.46789661385724723,0.7275744580334852
51,0.6531440470084408,0.7322409023972278,0.6539808434985702,0.4797749167234675,0.7465795254144975
52,0.6357792526487058,0.7045807566416333,0.6507308045136293,0.46134073416560695,0.7264647152739537
53,0.6840432957012177,0.7534861276505205,0.6938741129198926,0.5579613391474023,0.7308516030870554
54,0.6579039573044477,0.7226195687026064,0.649417889258257,0.5131699700089606,0.7464084012479671
55,0.6841116026078236,0.7422705617810202,0.6932917076454048,0.5700843054534394,0.7307998355514297
56,0.6839996013605179,0.7377217410828495,0.7178252210496209,0.5273327548071456,0.7531186885024557
57,0.6769361332892447,0.7585128910358022,0.6921368840947272,0.48977582650696694,0.7673189315194828
58,0.6953450212253101,0.7486029616080222,0.7269295400398417,0.5614837171590165,0.7443638660943598
59,0.6631869363662497,0.7530192749349195,0.6966026144634527,0.5613713301621989,0.6417545259044277
60,0.6758085397821599,0.6820577171994012,0.7039310098737842,0.5557715393400837,0.7614738927153706
61,0.6737549654243826,0.7598606626601925,0.6755319505000655,0.508805262146954,0.7508219863903184
62,0.6642299904740607,0.7252985649879208,0.6657932171948289,0.5365654688010596,0.7292627109124339
63,0.6571237430617995,0.7333264979166039,0.6743690823319284,0.49974863892592697,0.7210507530727389
64,0.6582692283459531,0.7108550873336215,0.6705083509130346,0.5214684005066215,0.730245074630535
65,0.6612516740924106,0.7098905865790348,0.6745770695935422,0.5283716178347777,0.7321674223622876
66,0.6575766903544998,0.7236224531167705,0.6725677167258575,0.5271736532370742,0.7069429383382969
67,0.668363065880181,0.7431787301989279,0.6973625497654252,0.5383262892980069,0.6945846942583639
68,0.6924070438865563,0.765615742214912,0.6943917447612037,0.5984644736240077,0.7111562149461018
69,0.6829109211551367,0.7635604295994884,0.6930922143498449,0.543200754086461,0.7317902865847526
70,0.681455189571316,0.7585909678191066,0.7229632095457192,0.5344537952106401,0.7098127857097979
71,0.7224511677660941,0.7746678189993976,0.734881056294668,0.6261798863051133,0.7540759094651972
72,0.6967923195036906,0.7322605596520682,0.7445981152586404,0.5405212322234595,0.7697893708805941
73,0.6734716338353628,0.7141267373419755,0.6810701852343661,0.5160146880783474,0.7826749246867623
74,0.6956301903682447,0.7133505068435317,0.7295557129626905,0.5811751926543128,0.7584393490124434
75,0.6649987191249981,0.6886733206712978,0.6995032840504156,0.5012529541567843,0.7705653176214945
76,0.7258135815003697,0.725502044280147,0.7675608228027367,0.6358560185361405,0.7743354403824545
77,0.7006550519014078,0.744788572540553,0.7234120841966754,0.5726140396693855,0.7618055111990173
78,0.6509950574628309,0.748760133714667,0.6764845737842594,0.5290202396911615,0.6497152826612356
79,0.6724401245736225,0.7337773399579925,0.6993031041215676,0.541352425205119,0.7153276290098108
80,0.6821723991270544,0.7122307363349195,0.7034601529562533,0.5771484517826156,0.7358502554344294
81,0.7173687186589068,0.7595958078682941,0.7592916453140622,0.576945153087747,0.773642268365524
82,0.6792473526370679,0.7266918351374551,0.7273328505881943,0.5240941828914504,0.7388705419311717
83,0.6895400833116172,0.7656152430600609,0.7139914267631575,0.5055982087617477,0.7729554546615026
84,0.7177804197316894,0.7359678093533891,0.7524539417574132,0.5851742127016253,0.7975257151143303
85,0.7040179724486975,0.7663113370400584,0.7348958038283316,0.5471003015580654,0.7677644473683344
86,0.6874051408598094,0.7104311284807283,0.7303583427867052,0.5792893224951375,0.7295417696766666
87,0.679798359287462,0.7511633951155771,0.7134699899219292,0.5064106667560779,0.7481493853562637
88,0.6942757794029024,0.7487783524669334,0.7410593911738537,0.5348203272654037,0.7524450467054188
89,0.7209749137760018,0.7508604949695789,0.767078278781653,0.6102508207385444,0.7557100606142307
90,0.7227839989660475,0.7336265245424398,0.773772940848953,0.6073679120537168,0.7763686184190807
91,0.7093308418831208,0.7414540500045605,0.7033841794161323,0.6099329645591617,0.7825521735526285
92,0.6958048876376225,0.7358731542789434,0.7327292494501852,0.5427617602730996,0.7718553865482617
93,0.692254846939341,0.7598266590935395,0.7158834107416508,0.5385974367881569,0.7547118811340168
94,0.6986952720325825,0.7345110822445493,0.7081453492007438,0.5939603156586063,0.7581643410264306
95,0.7380913941871377,0.7720451773713786,0.7493598108413543,0.6454571102411203,0.7855034782946976
96,0.713075358651375,0.7460857424776252,0.725622213677924,0.6045122497098905,0.7760812287400602
97,0.7332198441998815,0.7284934469271727,0.760908378373751,0.6632475284777871,0.7802300230208155
98,0.6946983575412008,0.7433861667967878,0.7237705802952418,0.5696551425320303,0.7419815405407432
99,0.716788285504411,0.7566886871648607,0.7522857676860534,0.5939025752216286,0.7642761119451015
100,0.7169650252082401,0.737213349000668,0.7371256713364371,0.6262264884603725,0.7672945920354829
101,0.7378852239234108,0.7405303790181996,0.7509066797721351,0.6537703337640968,0.8063335031392116
102,0.7029015857451597,0.7270134840130684,0.7563856177711933,0.5854088868626895,0.7427983543336876
103,0.7246078469896748,0.7689797208746919,0.7646075061731912,0.6309164322732879,0.7339277286375285
104,0.724491116067729,0.753346151842681,0.7514149610686586,0.6160150550824446,0.7771882962771313
105,0.7252285500591432,0.7422685471584312,0.7540475242163014,0.6293534348828739,0.7752446939789666
106,0.701406000577513,0.7489478396917071,0.7042984847848095,0.6021612958138041,0.7502163820197313
107,0.7022561463754015,0.7563812587067458,0.7221034338817375,0.582652822681694,0.7478870702314288
108,0.7267113384757888,0.7410616753053884,0.791301905410485,0.6113455256142643,0.7631362475730181
109,0.7218552470440389,0.75572284657016,0.7708961158742237,0.6103370881944281,0.750464937537344
110,0.7507417383210889,0.7675121738375826,0.7582628740911252,0.6545138758250238,0.8226780295306239
111,0.7172486207917881,0.7517995240813758,0.7688770219756995,0.5700407389910702,0.7782771981190068
112,0.6958218929010372,0.7451168768030089,0.7309467330220809,0.5819267786726912,0.7252971831063681
113,0.7190637110613036,0.7901465732511883,0.726651624369836,0.5732636368827095,0.7861930097414807
114,0.7012997202616986,0.7473521915013854,0.7294212370489854,0.6017787404763882,0.7266467120200353
115,0.7184086358017978,0.7765903633316408,0.7342211458726854,0.5816067337809363,0.7812163002219289
116,0.7085057026923416,0.7724806125924579,0.7123726644686335,0.5646311362150626,0.7845383974932126
117,0.6899235771561018,0.7863387961625667,0.7089663941352069,0.5255732800251356,0.7388158383014979
118,0.7134370855705388,0.7367121698448771,0.7441792662314057,0.6229199068424336,0.7499369993634386
119,0.6888346263947969,0.7510812978360163,0.6932446351499301,0.5467484788556309,0.76426409373761
120,0.7223754758616879,0.7602252653602486,0.7693800182344978,0.6538023301292695,0.7060942897227358
121,0.708597704719045,0.7610481971677261,0.7239430512322014,0.5756942356561968,0.7737053348200558
122,0.7310402293444355,0.7823966264572993,0.7313807095254236,0.6314536774390327,0.7789299039559864
123,0.706835703897797,0.7433343809185504,0.7229352618046001,0.5931994917818166,0.7678736810862208
124,0.7232980790433505,0.7529352837428163,0.7380964067956914,0.5887208321965794,0.8134397934383151
125,0.7090772564163501,0.7423239243008857,0.7309374666210403,0.5594511724581674,0.8035964622853072
126,0.7558549217680572,0.7694770533433138,0.7971600968087711,0.6482789407628363,0.8085035961573076
127,0.7257809095638531,0.7553398675778586,0.7563390095140305,0.5924094461870612,0.7990353149764622
128,0.7089636954245718,0.7185640729215655,0.7545509626781847,0.5945801741856521,0.7681595719128848
129,0.7118097243123472,0.7319471663778471,0.7707594303978599,0.5627648858328657,0.7817674146408161
130,0.7260490585361831,0.7674247568313264,0.7390549565937647,0.6332651813406072,0.7644513393790339
131,0.7046175962081046,0.7333695388115596,0.7348278755468635,0.5541968098164055,0.7960761606575897
132,0.6937319526901073,0.7422690153306829,0.7506133576133236,0.5326759715702515,0.749369466246171
133,0.70928292667231,0.735233333841795,0.7594871355726462,0.6185568600733863,0.7238543772014127
134,0.7171207347704474,0.7177417571731737,0.7833558369139348,0.6015018082089487,0.7658835367857317
135,0.7326212078368839,0.7846839510229632,0.7440665515717749,0.611079101288828,0.7906552274639693
136,0.739978947910484,0.7627688094336631,0.7987996213168201,0.65733112501357,0.7410162358778831
137,0.7127351271723967,0.7416076399280678,0.7422299563351824,0.6155311515848633,0.7515717608414734
138,0.7192690643445756,0.753809130606774,0.7572693967754153,0.6241464025850516,0.7418513274110614
139,0.7317116144339111,0.7324904017050528,0.788228123046128,0.6498498465504992,0.7562780864339647
140,0.7107160629111962,0.7144016223858907,0.7388653617249615,0.6267621356488012,0.7628351318851311
141,0.7213303458863737,0.7863527750814303,0.7273859980800239,0.6078200766931728,0.7637625336908678
142,0.6956218608758404,0.7328836030814516,0.7483397579161873,0.5751041786213437,0.7261599038843795
143,0.7449507490260493,0.7768891163299682,0.7592141209535042,0.6582477790782792,0.7854519797424461
144,0.7152509958146122,0.7395880717129816,0.754191248715768,0.6373986807346301,0.7298259820950687
145,0.7244879750500035,0.7783635824222027,0.7670635270095091,0.6171643096467213,0.7353604811215807
146,0.7126257844616576,0.7503203784922671,0.7340701386791979,0.6011372998327598,0.7649753208424052
147,0.722281552748739,0.7401203298088114,0.7661647134322521,0.5919666861772379,0.7908744815766549
148,0.709743953216482,0.7658931008506961,0.7327127175651245,0.5467013602559172,0.7936686341941905
149,0.7210976784486935,0.7569234531101922,0.7513234939013832,0.5902025883181784,0.7859411784650201
150,0.7409300035699806,0.7358134625424481,0.7796701481093817,0.6673101346780824,0.7809262689500103
151,0.7352986817877916,0.7742428607619926,0.7555620395360712,0.6365898866200057,0.7747999402330971
152,0.7227302409648854,0.7650899330815318,0.7805801564041596,0.5733209445911389,0.7719299297827108
153,0.713394801948815,0.7695617793742291,0.7532893565127117,0.5462838560863672,0.7844442158219519
154,0.7398328864968354,0.7538465135019548,0.7794255200389542,0.6430684724032306,0.7829910400432021
155,0.7359474315522853,0.7629848642731584,0.7807794964430166,0.6377421859994002,0.7622831794935657
156,0.7386258538356307,0.7756113829813273,0.7790062595632399,0.6228603972443334,0.7770253755536219
157,0.7161102455338739,0.7273329832814839,0.7519718539206174,0.5986498764891933,0.7864862684442009
158,0.7206297636053104,0.7182594831152398,0.7616741228440392,0.621353558968034,0.7812318894939283
159,0.7444756019726185,0.7790867250585071,0.793377418712935,0.6574782765296475,0.7479599875893846
160,0.7516962836045858,0.7876547662716725,0.7874250684702706,0.6665324680246836,0.7651728316517166
161,0.7288724448229842,0.7540154222800112,0.7606463876740752,0.6376809265913044,0.7631470427465459
162,0.753340147445134,0.7449105377291195,0.7991629290110799,0.6888273391621248,0.7804597838782117
163,0.7280359536468739,0.7711768105529916,0.7658580490306586,0.5879408858048129,0.7871680691990324
164,0.7419927697998635,0.783234644003203,0.7490160089500155,0.6313481046530031,0.8043723215932322
165,0.721567316878945,0.7544765086704338,0.762361974555799,0.6029971601491633,0.7664336241403843
166,0.7216648491315039,0.7511531357637645,0.7539719319343865,0.6469802360172017,0.7345540928106626
167,0.7115508197609747,0.7657927759445831,0.755603273100467,0.575189717616544,0.7496175123823048
168,0.7345737027898842,0.7440232859789278,0.783192623331172,0.6679211502250817,0.7431577516243556
169,0.7185678824319895,0.7571520356696754,0.7628935491061725,0.5912527901614332,0.7629731547906773
170,0.7093143111272336,0.7142198285010648,0.7540339923068288,0.5785836858849281,0.7904197378161131
171,0.74818974602408,0.7662540889816863,0.7651083220760797,0.6546754729545827,0.8067211000839708
172,0.7418757633714195,0.7387244217284005,0.7957575632351506,0.7053548662383231,0.7276662022838037
173,0.7345980101291367,0.7493084319231521,0.75894844500659,0.6626951811563154,0.7674399824304895
174,0.7398140478042785,0.7697548047231235,0.7695519078951408,0.6515336993744416,0.7684157792244083
175,0.7501095265295219,0.7839844431243552,0.7693806625307892,0.6543956287007325,0.7926773717622105
176,0.7161386798478283,0.7542930063456967,0.7374239869211748,0.5992896661827847,0.7735480599416569
177,0.7277148625987085,0.7624114506007043,0.7600715151384879,0.6221972648395919,0.7661792198160499
178,0.7326077433318614,0.7370155967560422,0.7560239184026765,0.666992231921135,0.7703992262475916
179,0.7450923716906925,0.7713989705106356,0.7528452989577944,0.6576816613218166,0.798443555972524
180,0.7320961235265415,0.7480468174947077,0.7844232892629239,0.6549724593426894,0.7409419280058448
181,0.7312043822451324,0.7344605112275762,0.7932849256537874,0.6598849264736523,0.7371871656255138
182,0.746081882050744,0.7557296707179182,0.8007598655227937,0.6807770933489058,0.747060898613358
183,0.739252231465407,0.7639330833012115,0.7607510651656859,0.6651633369314687,0.7671614404632615
184,0.7367347063301304,0.7300813318007314,0.7805860924621262,0.6538999162124647,0.7823714848451997
185,0.7469997250383601,0.774945391781542,0.7667832011642478,0.6678986030303022,0.7783717041773485
186,0.7679381252032018,0.781070237780571,0.7885913064020105,0.6879580906815911,0.8141328659486343
187,0.7354608000810026,0.7725560984218597,0.7801573719177984,0.6268104150220581,0.7623193149622941
188,0.7258334075194814,0.7473932421336388,0.7695654353743093,0.6630213601111962,0.7233535924587815
189,0.7372492038396231,0.7952444407015921,0.7683749858021875,0.6326821198281862,0.7526952690265268
190,0.7172682631339027,0.7212217608293703,0.7571975364762759,0.6168801239190771,0.7737736313108872
191,0.7384157078818547,0.7731578075761613,0.7830865866599631,0.6657933176091936,0.7316251196821011
192,0.7366576560679311,0.769512597961162,0.7867166886556459,0.6270912444958607,0.7633100931590558
193,0.7310732572859229,0.7535387605995667,0.7638676078652724,0.615018496057143,0.7918681646217094
194,0.7368259962041158,0.7496526542647864,0.7731849565103186,0.6590660332454397,0.7654003407959187
195,0.7146303585843747,0.7699563768652512,0.780769117127793,0.5172610373778574,0.7905349029665978
196,0.7213709141518477,0.7458687799176298,0.7364469083390403,0.661197533888333,0.7419704344623876
197,0.7374864149162219,0.7592748728903777,0.7738996518405227,0.6666370911795529,0.7501340437544345
198,0.7131291836869863,0.7399179865025265,0.7415906019972899,0.592706126369507,0.7783020198786218
199,0.7447508315549637,0.7485267637239419,0.774089068362431,0.6703977963175479,0.7859896978159343
200,0.7374460081223574,0.7593850960301137,0.747539540069898,0.654043187163728,0.7888162092256898
201,0.7192857494804944,0.7562689299135829,0.7732494457375292,0.5965790353816744,0.7510455868891914
202,0.7183120576499185,0.7694441484326092,0.7534019921106924,0.643204755209616,0.7071973348467564
203,0.7625474828867582,0.7610096455754393,0.7754987138606265,0.7146277575048435,0.7990538146061237
204,0.7442704032132963,0.7637930659720429,0.7686353675381749,0.6432391527524277,0.8014140265905401
205,0.7615440581981531,0.7720422322345541,0.7865653431199694,0.6780559394538157,0.8095127179842732
206,0.7378797388206025,0.7411535817485312,0.7907441333550704,0.6620178301412469,0.7576034100375617
207,0.745119663327133,0.7576596324630274,0.7634935541967703,0.6424579456294042,0.8168675210193296
208,0.7369237786655805,0.7644933611459189,0.763644653664836,0.6174945110688108,0.8020625887827563
209,0.7105884192429369,0.7341442905296632,0.7407824918073683,0.6002678098465783,0.7671590847881377
210,0.7149499825844459,0.7253635972310811,0.7489512732578438,0.632191937111026,0.7532931227378326
211,0.7415816317331454,0.7518177377753983,0.7798289180164076,0.6900866008040121,0.7445932703367638
212,0.7265172652213583,0.7607216390011383,0.7476881391826289,0.6480493542426717,0.7496099284589948
213,0.7222089854990108,0.7664514235714021,0.7508496008551695,0.616050297935994,0.7554846196334777
214,0.7149843736808266,0.7588731465078103,0.7401040875747104,0.5810744593175491,0.7798858013232365
215,0.7275993407398245,0.7460667546516924,0.7691400036356782,0.6437158837259765,0.7514747209459504
216,0.728272108025378,0.7719931880338163,0.7544128208380263,0.6204729581470108,0.7662094650826585
217,0.7449924666647036,0.7821013273961497,0.774460573775992,0.6395440268841379,0.7838639386025348
218,0.7614996319790248,0.7713467742675206,0.7929152251255417,0.7137102972008963,0.7680262313221408
219,0.7318814860720073,0.7594727081036204,0.7629220482301587,0.660275677183375,0.7448555107708751
220,0.7521863039677805,0.7710536732413924,0.7890184500019072,0.6904145789871827,0.7582585136406397
221,0.7709455603898716,0.7655372465785482,0.7754893655905936,0.7176077742119056,0.8251478551784395
222,0.748012071103911,0.7681531629679867,0.7822821050081136,0.666844596886128,0.7747684195534158
223,0.7664993362194645,0.7573327303501948,0.7971407265472773,0.7164401302998066,0.7950837576805795
224,0.7494584761870864,0.733359541318042,0.7920839387416736,0.6812207781243098,0.7911696465643201
225,0.7501863763863975,0.7571743720762751,0.760781194793468,0.6662535963281967,0.8165363423476504
226,0.7652102552956217,0.785244359631768,0.8041181663873359,0.663488038028691,0.8079904571346923
227,0.7233995612582459,0.7628429686646805,0.7517669682059254,0.6078373291260744,0.7711509790363037
228,0.7259621904834557,0.7532119125345167,0.7718147860714654,0.5690808588520372,0.8097412044758034
229,0.7371112836678899,0.7722111071761436,0.7621093364201632,0.624736880523967,0.7893878105512856
230,0.7245026827998864,0.7498275017502429,0.7445804367989545,0.6127853101962938,0.7908174824540544
231,0.7258219175834527,0.7316444412005962,0.7661844275263715,0.6274361729404454,0.7780226286663976
232,0.735624451818393,0.765464419242661,0.7553612366168038,0.6617859933101771,0.75988615810393
233,0.748346931241112,0.7467109403720947,0.7707904578112876,0.6754044379158697,0.8004818888651958
234,0.7249241497673475,0.7589294909957092,0.7598696679981947,0.6170716359017585,0.7638258041737276
235,0.7408951718479202,0.734926313349083,0.7836909742238523,0.6697142475621508,0.7752491522565947
236,0.7578221385739854,0.7508869331464137,0.8003911751773254,0.7015237754325976,0.778486670539605
237,0.7429860513842952,0.7485141153799711,0.7836046281207047,0.6205981707990086,0.8192272912374966
238,0.741737220160035,0.7298310059018669,0.7709002261167578,0.6429912636861487,0.8232263849353664
239,0.7486302342606942,0.7746489778561297,0.7858771850079356,0.6735557233003185,0.7604390508783928
240,0.7302355441521393,0.7476188633803699,0.7589128401506997,0.6540720151471577,0.7603384579303298
241,0.7177648496979602,0.7527987836848812,0.7610211699484273,0.5944084882028108,0.7628309569557215
242,0.754425482282381,0.7700602478360201,0.7984264008381282,0.6714794792003272,0.7777358012550488
243,0.7411590257345095,0.7411810495412432,0.7905340783776609,0.6399905771742247,0.7929303978449089
244,0.7380361585603183,0.7511318721316089,0.7782500182239949,0.6610655905603542,0.7616971533253154
245,0.7469068488489699,0.7498579843197857,0.7825858838311786,0.6420272936489723,0.813156233595943
246,0.7290116954622821,0.7609147161455674,0.7805132869631145,0.6059671968189517,0.7686515819214945
247,0.7077200861809404,0.7433983796561247,0.7520566598164959,0.619346653686146,0.7160786515649947
248,0.7668855600909582,0.8083962251501345,0.7888792633824002,0.6816579810048222,0.7886087708264758
249,0.7385260648414083,0.7647676565699759,0.776135481111117,0.643646386284282,0.7695547354002585
250,0.7388042022420515,0.7448440319390645,0.7813743207943242,0.6911394300855005,0.7378590261493162
251,0.7382519808278578,0.7591958185348004,0.7753440605464365,0.6353613590422404,0.7831066851879538
252,0.7415254688713631,0.7778895017150131,0.7823101154149609,0.5868498261804392,0.8190524321750389
253,0.7513905991301559,0.7627061699130323,0.7714378327248128,0.6585627337528001,0.8128556601299785
254,0.7383361451821191,0.7726333600818489,0.7671102576706762,0.6370172176637068,0.7765837453122443
255,0.754760574932178,0.7401835224700449,0.7977796463490232,0.6604664875795095,0.8206126433301342
256,0.7187324494439279,0.7019635123575122,0.7714808076950262,0.6151652545887013,0.7863202231344717
257,0.7553444102816492,0.7774915452751047,0.7667224679477205,0.6884385639390243,0.7887250639647473
258,0.739636546256427,0.746710955972149,0.7905370247722061,0.6477805191808018,0.7735176851005514
259,0.7639662073309161,0.774016599050633,0.7902947137102041,0.6691996325762346,0.8223538839865928
260,0.7410193953329822,0.7834441785448997,0.7582824402129645,0.6315523214647183,0.7907986411093464
261,0.7388294749110682,0.7472273678677043,0.786491334966211,0.6609992992194612,0.7605998975908963
262,0.7282202237366777,0.7721503276421201,0.7634624912528003,0.5883099549543261,0.7889581210974643
263,0.7529823185931144,0.7568083832454345,0.7980838433626766,0.6549539091039898,0.8020831386603569
264,0.7554292349753848,0.7659408012049478,0.8067990940360309,0.6847457463035603,0.7642312983570007
265,0.7279008990239226,0.7507367153828415,0.7775718810331678,0.5963991879229329,0.7868958117567484
266,0.7574899320157095,0.7426185410539613,0.8099831774108676,0.6954322931268736,0.7819257164711354
267,0.7672372470104405,0.7709364509715683,0.7942070917548745,0.7054819462428604,0.798323499072459
268,0.7275452860212147,0.754854674738067,0.7758143382089915,0.635053236095717,0.7444588950420835
269,0.7368199764844889,0.7547415510423297,0.7502955283055455,0.6327853442882775,0.8094574823018029
270,0.7510374523971044,0.7886551204561111,0.7783323153354269,0.6466634399415816,0.790498933855298
271,0.7386444229096857,0.7751652520537117,0.7754086256488402,0.6452859241195634,0.7587178898166274
272,0.7319243070136836,0.7574990853169548,0.7850896656488149,0.6592101097880745,0.7258983673008899
273,0.7270537071756618,0.7639002207914564,0.7695858500169486,0.6172002821292254,0.7575284757650171
274,0.7448290026272654,0.7605911275425433,0.7772072732579912,0.667981612961908,0.7735359967466188
275,0.7582302788781512,0.783809108704858,0.7769938449216749,0.6584223700761638,0.8136957918099081
276,0.7496193383467357,0.7527492102214602,0.8033096585626512,0.6749668296621187,0.7674516549407121
277,0.7362485000143059,0.7385183241240857,0.7881839591408109,0.6706432576638122,0.7476484591285145
278,0.7275312528662738,0.7199626123887178,0.7813751444385301,0.6462973159678947,0.7624899386699531
279,0.7403263411147248,0.7402925057721842,0.7902080679738457,0.6783750218793746,0.752429768833495
280,0.7782863851243099,0.7945607514736782,0.8049932846252967,0.6828428204908195,0.8307486839074455
281,0.7184164980922425,0.772140392985645,0.7914995513190165,0.6247884223046418,0.685237625759667
282,0.7253811942480802,0.7592315072914759,0.7579845838186927,0.6359731973554318,0.7483354885267204
283,0.7288504669145666,0.7542543626762106,0.7801884260717726,0.6130085802143874,0.7679504986958955
284,0.7524440833597512,0.7467168389369542,0.7862092534990518,0.6706377431971701,0.8062124978058287
285,0.7432695086292851,0.7554423974234913,0.7859666858282246,0.6593597063285378,0.7723092449368867
286,0.7451273256169186,0.7438957882478043,0.7681632504079561,0.6726607948298842,0.7957894689820303
287,0.745847792403898,0.7388808905336949,0.7808200729391059,0.6825405373851574,0.7811496687576336
288,0.7505500316242432,0.7803956527507827,0.7668932181390009,0.6262929773228082,0.828618278284381
289,0.7415968623642578,0.7494555269625215,0.7543358086751587,0.6678615483605934,0.7947345654587576
290,0.7519223521082736,0.7648524854157049,0.787027599092878,0.6425160231032729,0.8132933008212389
291,0.7386352036728984,0.7651012228331797,0.7771155704647773,0.6600269614761844,0.7522970599174523
292,0.7680006624520171,0.7767796762626616,0.782069300018043,0.6765699789276173,0.8365836945997466
293,0.7381574939853239,0.7734252831740956,0.7560096167479491,0.6379816275067118,0.7852134485125394
294,0.7321972688509257,0.7622262439149242,0.7694083003578491,0.5809783255242355,0.8161762056066937
295,0.7146047329583642,0.7083649834839119,0.7744692246223924,0.5787926889866176,0.7967920347405352
296,0.7264506121122315,0.7463874562430799,0.7532495629321585,0.6364725400552524,0.7696928892184353
297,0.7196691294343097,0.754749333514738,0.752568859159218,0.5851203208849542,0.7862380041783282
298,0.7269839011554134,0.7465083897921626,0.7653048974772438,0.6314134963449912,0.764708821007256
299,0.7257608767172413,0.7616313428487462,0.7554419454977327,0.5942757007816437,0.7916945177408423
300,0.7511761900081164,0.7698125294168509,0.779469179386031,0.6675099382464882,0.7879131129830954
301,0.756821721976609,0.7338997628064496,0.789032313640752,0.7369182568299837,0.7674365546292504
302,0.716521024602843,0.7502519575097681,0.7443281566429301,0.5944455459008557,0.7770584383578178
303,0.7355048660127734,0.7625446421134637,0.7713246479688977,0.6418861593069333,0.766264014661799
304,0.7341998378547974,0.7765023479362634,0.7549023571652427,0.6591329743422979,0.7462616719753857
305,0.7437290745838592,0.7593723806739187,0.7805382550307463,0.6424463491352231,0.792559313495549
306,0.732846655799287,0.751836679059918,0.763950336670642,0.6470290433968005,0.7685705640697879
307,0.769313460321859,0.7774500624356938,0.7987214999258315,0.6986887368568557,0.8023935420690548
308,0.753334312703181,0.7351064181999014,0.785487830968824,0.6946799172221664,0.7980630844218322
309,0.75202735421243,0.7810083234070746,0.7682015867588899,0.6362952341194329,0.8226042725643226
310,0.7282433809010551,0.7649918702243717,0.7857077109058354,0.6150195626209622,0.7472543798530513
311,0.747901740858535,0.7836142238119626,0.7781879097008966,0.6322429361572853,0.7975618937639956
312,0.7336082274651113,0.7204648568980145,0.8016301132018414,0.6328713460446502,0.7794665937159394
313,0.7478132948281265,0.7443914255876968,0.7686524803139094,0.6802640747244342,0.7979451986864653
314,0.7372411615242022,0.7392229708052364,0.7498098024539679,0.6462826442548423,0.8136492285827623
315,0.7122018084264288,0.7693000049961323,0.7212356716893316,0.6260595036205181,0.7322120533997332
316,0.7247451804799505,0.7522572603485811,0.7674374366752151,0.6353766987931689,0.7439093261028366
317,0.7319201066583321,0.7589733624527347,0.7649182952107505,0.6155931601896134,0.7881956087802298
318,0.7537003143431831,0.7867001375472131,0.7965680914126939,0.6652439324941963,0.766289095918629
319,0.7286895906781602,0.7609555866921865,0.7688684282102167,0.6517087569471434,0.7332255908630939
320,0.7496346162994914,0.761107205282617,0.7936472489643283,0.6495472137420596,0.7942367972089603
321,0.7723880412122605,0.7801837912677695,0.7768529719204147,0.7121868706691273,0.82032853099173
322,0.7382762439753792,0.7581854291584782,0.7739100159490908,0.6629417542264071,0.7580677765675408
323,0.7409118822342384,0.7761863320465897,0.7807819061676198,0.6445003529711778,0.7621789377515664
324,0.7566282265976527,0.7794284800716036,0.7885107728519141,0.6561601349713683,0.8024135184957248
325,0.7334218168978149,0.7703650033996058,0.7670182790143393,0.6411697263161871,0.7551342588611276
326,0.7532682115109788,0.7625579033610326,0.7827094455181369,0.6663574847511472,0.8014480124135985
327,0.7052528956152423,0.750996903914503,0.7879170729251065,0.5785483750606805,0.7035492305606791
328,0.7322410850394981,0.7459081014562245,0.7576836819017472,0.6314411966625076,0.7939313601375134
329,0.7488009296207336,0.7679880635206705,0.7802162816700436,0.674841531601974,0.7721578416902466
330,0.7453828380521065,0.7742972194781048,0.7511693751021691,0.6743307912780866,0.7817339663500654
331,0.7319926650416259,0.771502425854648,0.7601134874908876,0.60878802817243,0.7875667186485376
332,0.7461325761968979,0.7941623893044026,0.7640393941923566,0.676995058242585,0.7493334630482474
333,0.7555672188624212,0.7565263541622272,0.7671364228013328,0.6864372339726831,0.8121688645134417
334,0.7542079694584012,0.7717924861791496,0.7859152228953169,0.6645873888387615,0.7945367799203772
335,0.7640553934316631,0.7799232794230441,0.7917528979286217,0.670092037964961,0.8144533584100255
336,0.7488704745058372,0.763571559249457,0.7762920778816957,0.6408086038859463,0.8148096570062495
337,0.7455487723730887,0.762341847198259,0.781772400868135,0.6735199189075516,0.7645609225184092
338,0.7186127810500841,0.7527367089343227,0.7426666013349971,0.6551311144865732,0.7239166994444433
339,0.7401215799237925,0.7710324173977465,0.7788313210114655,0.642938522248558,0.7676840590374
340,0.7750360490194644,0.7766995281403706,0.793825458189129,0.6755386810517234,0.8540805286966348
341,0.7596555074329454,0.7598589085557056,0.7913329784195507,0.6953246373242106,0.792105505432315
342,0.7227935155825158,0.7515745747475097,0.7279597238924645,0.5924687147073266,0.8191710489827626
343,0.7480889699578501,0.7799965914196653,0.7458562820347098,0.6808602552457202,0.7856427511313054
344,0.7426438859666337,0.7786240187299769,0.7899096947874054,0.6489479594596176,0.7530938708895349
345,0.7612412928402004,0.7772341967351724,0.7975890596536759,0.7137037484816895,0.7564381664902637
346,0.7359324650822947,0.7494866940276748,0.7583718996205792,0.6726866466814737,0.763184619999451
347,0.7529596562152697,0.7417929902108716,0.7787260284152435,0.6732271051056266,0.8180925011293372
348,0.7784495071637589,0.7679280981668544,0.8043564837882328,0.6998163829064258,0.8416970637935228
349,0.7355645345349242,0.7511926252382956,0.782694698874491,0.6106516685075106,0.7977191455193997
350,0.7437235791117611,0.7756477747403046,0.7472991690533782,0.6699150868990064,0.7820322857543556
351,0.7278896012440121,0.7869036237613133,0.7358012792924924,0.6250637223485147,0.7637897795737284
352,0.7614036990827888,0.7474269831151162,0.7903525421289621,0.71182098583493,0.7960142852521467
353,0.7332110616758558,0.7796741827160318,0.7618759454001749,0.6283742114933517,0.7629199070938651
354,0.7194521946534596,0.720035942565654,0.7732510702055783,0.6338748933084961,0.7506468725341101
355,0.7566549053776596,0.7790283679386695,0.7750602039062172,0.6613348429358492,0.8111962067299024
356,0.7588448046550975,0.7682657553148466,0.7823178636958863,0.704099228757401,0.7806963708522564
357,0.7731271772088614,0.7687335905231782,0.7890434391830183,0.7365078996371904,0.7982237794920586
358,0.7291240710280484,0.7766964448654484,0.800388657707711,0.5957870690189502,0.7436241125200843
359,0.7473048940687966,0.7601009941658681,0.7643078690114514,0.6906663745371906,0.7741443385606764
360,0.7380393820947999,0.7689875829216116,0.755762699217294,0.6302438109434109,0.7971634352968833
361,0.7524423960413712,0.7707543969163096,0.7991519485980779,0.6757846856613372,0.7640785529897599
362,0.746842031286218,0.7705473350734172,0.7789377478012967,0.6245987736924365,0.8132842685777212
363,0.7417327678218387,0.7455625418837881,0.7850538152304768,0.6378207979651166,0.798493916207973
364,0.7209562069138923,0.7119583975255422,0.7868798680891791,0.6748936058078712,0.7100929562329764
365,0.7543287818615512,0.8043624797670829,0.7840397832515955,0.6637208863684373,0.7651919780590889
366,0.7332001875534194,0.740772914095636,0.7833480254070533,0.643873304341166,0.7648065063698223
367,0.7530212699217497,0.7692321401605292,0.789729369378629,0.6616146640543968,0.7915089060934437
368,0.751429179562778,0.7399255557366043,0.7919283260969104,0.702345240064347,0.77151759635325
369,0.7579994986729209,0.7689468016842516,0.8004649580325752,0.6638786097380296,0.7987076252368274
370,0.7486214185162848,0.7831890546204822,0.7784405778921776,0.6580198939339249,0.7748361476185549
371,0.7446353076830803,0.8035002488725831,0.7516705109208752,0.6483580236801229,0.7750124472587399
372,0.7634422502179438,0.8227925708333231,0.7666412582153925,0.6413405267422251,0.8229946450808346
373,0.7650196650080445,0.7697540210575191,0.7734592229064391,0.6682984371417721,0.8485669789264481
374,0.7569330185245402,0.7728972673818847,0.7681605162315641,0.6764649822867599,0.8102093081979518
375,0.7218779685518095,0.7788114233637982,0.7328560818534123,0.581877354346255,0.7939670146437726
376,0.7436232555008614,0.7755582431191169,0.7744383928307705,0.6252690202754888,0.7992273657780692
377,0.7419909849436097,0.7784001954265753,0.7975928435789673,0.5962896041518673,0.7956812966170289
378,0.7538727935138357,0.7851514694284378,0.7699435157227335,0.6856969580740488,0.7746992308301227
379,0.7426079972327646,0.7764644092574366,0.8017615159996463,0.589095033357906,0.8031110303160693
380,0.7649360585900048,0.7629160862251736,0.7834660912335935,0.7142417749383039,0.7991202819629479
381,0.7628218747621531,0.7576814057186465,0.7899949436715688,0.6873527021226323,0.8162584475357649
382,0.7528276898242079,0.7641260364878031,0.7724098341101066,0.685354009898517,0.7894208788004049
383,0.7489532850376434,0.741789640399785,0.7994274096654431,0.7063014569100136,0.7482946331753316
384,0.7479369078037283,0.7773380126252489,0.7972340590908333,0.668134651232284,0.7490409082665473
385,0.7645676162078706,0.7918321947846751,0.7828605483100974,0.6929819717371395,0.7905957499995703
386,0.7430724022775346,0.7707889023229475,0.7742802390552429,0.678197311999254,0.7490231557326943
387,0.7462370843746174,0.7537885165562318,0.7879905596036677,0.6634380611577101,0.7797312001808602
388,0.7375579086929586,0.7732891233628951,0.7674112982863971,0.6436528996820967,0.7658783134404454
389,0.747720716522786,0.7306856982280657,0.7658045630718763,0.6916934336278968,0.8026991711633054
390,0.7481842664954378,0.7730107556573867,0.7686389308744701,0.6582143669581837,0.7928730124917104
391,0.7162799258125646,0.7610173563104695,0.7440772239192653,0.6011299857901704,0.7588951372303531
392,0.7271569999739703,0.7687255507476521,0.7453025908150285,0.6439961767036075,0.750603681629593
393,0.751655300943859,0.7782598588634397,0.7528367514262382,0.6701239543763278,0.8054006391094305
394,0.7506533729697848,0.7521701876915812,0.7938541103522476,0.6829248491574228,0.7736643446778879
395,0.7650846723282739,0.7551193645020581,0.7938739211656829,0.7012194226468788,0.810125980998476
396,0.7466656681004936,0.7736610067658963,0.7887939965992475,0.6611979260003809,0.7630097430364501
397,0.7428972881568733,0.7354352946175977,0.7823630519438368,0.6736339874563404,0.7801568186097182
398,0.7486742702443664,0.7547759483994257,0.7754288191946701,0.6667721259545338,0.797720187428836
399,0.7392143688571924,0.7662688737784888,0.7346384765985008,0.6659217203441172,0.7900284047076624
400,0.7683613453104146,0.7960163787946687,0.7826365871753229,0.716773536833843,0.7780188784378237
401,0.7463659226868564,0.7764611751988181,0.788922818482015,0.6460484215534362,0.7740312755131564
402,0.7624364265186958,0.7729620482460678,0.7895283513461024,0.7001725024410261,0.7870828040415871
403,0.709629557933663,0.7329906773991381,0.7570435977410289,0.5715543485010851,0.7769296080933996
404,0.7373145809241362,0.7204069133326302,0.7704162134706345,0.7044183278715974,0.7540168690216827
405,0.7514439475938443,0.7633081383294686,0.7826029825789761,0.6577423729695167,0.8021222964974152
406,0.7180291337628799,0.7419345789896559,0.758192890659704,0.6108723897540647,0.7611166756480953
407,0.7517766648778611,0.764946364558964,0.7803602513377378,0.674976488442657,0.7868235551720858
408,0.7399311643420888,0.7628960920106981,0.7812791916516263,0.6326646993464897,0.7828846743595411
409,0.7450958781735008,0.7750846260479595,0.7760632027316159,0.6481449470297039,0.7810907368847239
410,0.7148861174347714,0.7913820757390091,0.7510461120727763,0.5812067143164648,0.7359095676108349
411,0.743034838627284,0.754241579033135,0.7728756111988545,0.6591900021898492,0.7858321620872973
412,0.7686093331538421,0.7985115248112998,0.7948483512603137,0.6910427525717348,0.79003470397202
413,0.7486164602918169,0.7580045665552398,0.7923936359352275,0.6583900954130544,0.7856775432637463
414,0.7747550071597695,0.7888385285917616,0.813587534132453,0.6846497448945958,0.8119442210202672
415,0.7487538003039801,0.7615335556107535,0.7667523909200606,0.6194980956957679,0.8472311589893385
416,0.7419286674204068,0.7597393262599845,0.7942468682417069,0.6259932456847316,0.7877352294952041
417,0.7150695828927289,0.760392044541031,0.7501804217312669,0.5652252259497649,0.784480639348853
418,0.7546408555725244,0.768059307171589,0.7977548451370307,0.6943981054845143,0.7583511644969638
419,0.7463954206465984,0.7686685521109544,0.7666982206876654,0.657322830621254,0.7928920791665195
420,0.7483781837057029,0.7775784947520217,0.7578806021725364,0.6581171409745328,0.7999364969237208
421,0.7597585099633882,0.7723154870167703,0.7946573889968479,0.6582953917251196,0.8137657721148147
422,0.7301594679931624,0.7634252516377035,0.7563010263891443,0.6235173586867075,0.7773942352590948
423,0.7436161565941467,0.7854147266227924,0.7793328124868322,0.6281676835864501,0.7815494036805123
424,0.7604124218396466,0.7689793040295996,0.7889714441720497,0.6641148888344723,0.8195840503224653
425,0.764601930442273,0.7564860902341979,0.7844170545278539,0.7009885379597649,0.8165160390472752
426,0.7304795900996146,0.754334145559344,0.7493864718430634,0.6343862075563422,0.7838115354397087
427,0.7717804119982103,0.7638453927024144,0.8031000485840384,0.7138994503456764,0.8062767563607125
428,0.7399904247402361,0.7777102634833561,0.7769451040298,0.6474035322339163,0.7579027992138719
429,0.7408590826720609,0.7829445517990491,0.7423588442027165,0.6269610293347087,0.8111719053517696
430,0.7483981678316611,0.7469563599161603,0.7954201201630066,0.6850533785857129,0.7661628126617651
431,0.7501084994613872,0.7540838700916952,0.7727439720057625,0.7146481109088162,0.7589580448392753
432,0.7806239625388532,0.7673493839152594,0.8086629083202433,0.7355538687117847,0.8109296892081255
433,0.7334906087847793,0.7850385787526161,0.7675219486726419,0.6123853113702705,0.7690165963435888
434,0.7670256232847111,0.7842836732632278,0.8033407697781045,0.6882698996547875,0.7922081504427246
435,0.774480977089072,0.7900612303168464,0.803167815455701,0.6976096622021989,0.807085200381542
436,0.7580148635081738,0.7614567990943775,0.7975543001450187,0.6828622149404072,0.7901861398528918
437,0.775529846397299,0.793188624448166,0.803299114385491,0.7036077139446252,0.802023932810914
438,0.7537221815307393,0.7382099368681713,0.7795772070049585,0.7083668142541723,0.7887347679956551
439,0.7571304035967776,0.759465351274336,0.7909993552699984,0.719923827295077,0.7581330805476993
440,0.7512902816746498,0.7428355531543887,0.7845468514320603,0.6737323891664254,0.804046332945725
441,0.7648568622138808,0.7813423073754975,0.7962142275224416,0.6738313824799462,0.8080395314776377
442,0.7597505458158107,0.7899771761482064,0.7865883958899731,0.6682141391666526,0.7942224720584106
443,0.7641497868958712,0.7576020698350765,0.8132260226467587,0.6838877091796688,0.8018833459219811
444,0.7470267454550483,0.7690479437377024,0.7733608033766521,0.657143446838135,0.7885547878677039
445,0.7425097164198065,0.7656251840796142,0.7778755121772526,0.6797114081602742,0.746826761262085
446,0.7331665219484428,0.7344277551020196,0.7842186675020413,0.6515683658134153,0.762451299376295
447,0.7477532875377295,0.7764928991857794,0.7751580060802243,0.6710181947225002,0.768344050162414
448,0.7596752557807682,0.7549292304064021,0.8156294415244395,0.7149527013527925,0.7531896498394387
449,0.7459774991801976,0.7683545160456038,0.7791685602838522,0.6526162867628433,0.7837706336284911
450,0.7484975254743388,0.7674193085588514,0.7776145774484028,0.6577322698796715,0.791223946010429
451,0.7250210473721255,0.7450163758958124,0.7869659067666115,0.59745336969621,0.770648537129868
452,0.7435183283286421,0.7548249657066559,0.792808747420516,0.6701919885689365,0.75624761161846
453,0.7367554852923397,0.7614810556944867,0.7704584714870959,0.6629019343644571,0.7521804796233189
454,0.7494086526954147,0.7472826649805263,0.7843061922379467,0.7090070810659442,0.7570386724972414
455,0.7410576106035174,0.7687270643102073,0.7838925720661089,0.6588100741019074,0.752800731935846
456,0.7616129910626576,0.7886439044173479,0.7585627529138252,0.6752239056663003,0.8240214012531567
457,0.771147521524755,0.7953003499880393,0.7806207533692385,0.6776368868606508,0.831032095881091
458,0.7549229614551779,0.7801632949197438,0.779090481129161,0.6597038102341835,0.8007342595376232
459,0.7596520063027656,0.7900159371588713,0.7708097073193582,0.6720499385775904,0.8057324421552428
460,0.7605781752223882,0.7678415329328747,0.7665502328316937,0.7085896174602928,0.799331317664692
461,0.7302894137783229,0.7736643348062757,0.7785579757648232,0.5798786464726077,0.7890566980695847
462,0.7574269861680132,0.7633778465044628,0.7767217091186598,0.7041821894105974,0.7854261996383325
463,0.7432864180750576,0.7531811712883354,0.772743137742651,0.6666828986740233,0.7805384645952202
464,0.7501804372430715,0.7409329144202688,0.7886961179864366,0.6791651877440668,0.7919275288215138
465,0.7434575536459808,0.78052637409224,0.7821972760812615,0.6481900209696989,0.7629165434407228
466,0.7476807834298612,0.7488566209492357,0.7917498171972427,0.6876366848980637,0.7624800106749029
467,0.7484311339000794,0.7650305054983972,0.7797077218849241,0.6865324030562473,0.7624539051607493
468,0.7798871807847564,0.8071330018285553,0.7916929051358924,0.6979539944972865,0.8227688216772915
469,0.7474059645080817,0.763504103585922,0.7635628796581042,0.6531309860945268,0.8094258886937736
470,0.7499434547471503,0.7631438457514822,0.7613946024921843,0.6613254525544452,0.8139099181904895
471,0.7521941396324119,0.7958058591075978,0.7877228738909018,0.6434895310628163,0.7817582944683321
472,0.7420715290467821,0.7907858856610637,0.7678542625040279,0.670607308913769,0.7390386591082678
473,0.7611640094808363,0.7780184185321415,0.7612531900635623,0.6608057076109132,0.8445787217167278
474,0.7465402505158414,0.731744301179917,0.7939371840472871,0.672523928716304,0.7879555881198573
475,0.7283330633663466,0.7832139305674886,0.7430044676872084,0.6372590586832332,0.7498547965274563
476,0.7353091898366264,0.7416938913867156,0.7763155813019038,0.6795214838872737,0.7437058027706123
477,0.7680988575973503,0.7754698344159389,0.7980757981279426,0.6680144370037174,0.8308353608418023
478,0.7555884269513284,0.7630900711236942,0.7973417574177524,0.6811847153060351,0.7807371639578327
479,0.7382410900034978,0.7710773232079933,0.7750713440633782,0.6631881626940654,0.7436275300485539
480,0.7385794986574583,0.7524464461004482,0.7904827617649722,0.6851246357672919,0.726264150997121
481,0.7428444758459571,0.7776704406572121,0.7760858215834561,0.6702870443471473,0.7473345967960132
482,0.746152154369529,0.7726071861467328,0.7744115729797154,0.6307148342029347,0.8068750241487329
483,0.7643787674980703,0.7731682790678962,0.772102648208595,0.6904289544367546,0.8218151882790354
484,0.7789533702985256,0.7882363571923638,0.7778762921284756,0.7235129702405848,0.8261878616326781
485,0.7434586599152287,0.7425617883387385,0.7764724944867192,0.6446237344635057,0.8101766223719514
486,0.7338721470600482,0.7610533047066816,0.7887852350428444,0.6454522346555884,0.7401978138350789
487,0.752884132286362,0.7302419352576156,0.8103056518522068,0.6681874615139164,0.802801480521709
488,0.7423475794430114,0.7436994885466403,0.7741909966461198,0.6564656125890814,0.795034219990204
489,0.7556885986533906,0.7798061402083732,0.765478613616662,0.6532583008526051,0.8242113399359219
490,0.7566345729756102,0.749573932297658,0.7714842623206459,0.7038384149522848,0.8016416823318518
491,0.7487522846327789,0.775201765255394,0.7791925371805271,0.6596446465652668,0.7809701895299276
492,0.7349818234559488,0.7646785448074707,0.767958536122045,0.6452341594984589,0.7620560533958205
493,0.7407789696581065,0.7543835314996605,0.7887896232408124,0.6241983517741874,0.795744372117766
494,0.7476069164953538,0.7420266517640024,0.7882507679911992,0.7183665220825305,0.741783724143683
495,0.7517599093343686,0.7400483751387835,0.7890480104479188,0.6728082255547556,0.8051350261960164
496,0.7371710343001802,0.7704990344905104,0.7517226217641331,0.6297108424209378,0.7967516385251393
497,0.7531940190132148,0.7922213862722816,0.7640267784421007,0.6967643788262161,0.7597635325122608
498,0.7147095685118147,0.7588308417886805,0.7348192241228898,0.5932869266036389,0.7719012815320494
499,0.7658473916018829,0.8003660979919404,0.793205038805193,0.6791247625304389,0.7906936670799591
500,0.7547270175027587,0.784267136104636,0.7457841030766643,0.6753014220467326,0.8135554087830024
501,0.755597744585851,0.7670775346753056,0.7720397688313407,0.6728169746548862,0.8104567001818721
502,0.7526220950444166,0.7870625300043975,0.7713490488881534,0.6604206497650466,0.791656151520069
503,0.7275756327350196,0.762032510117492,0.7632746649068879,0.5826939938817239,0.8023013620339743
504,0.7563876647553749,0.7606740411118503,0.7754758082211363,0.6789846537391243,0.8104161559493887
505,0.7625250383171494,0.8138985690165127,0.7672256177216986,0.6752164976957872,0.7937594688345986
506,0.7280703556884389,0.7763943045963102,0.7630028149847862,0.6283307426715933,0.7445535605010662
507,0.7449780786548218,0.7458362764585186,0.7842466100787557,0.6546967839795141,0.7951326441024987
508,0.7730062937363797,0.7969939667196975,0.8057340914413399,0.6955516412231144,0.7937454755613674
509,0.7840963648747525,0.790210640127706,0.8018912219170332,0.730724766253653,0.8135588312006179
510,0.7657609930237295,0.8191194855185807,0.7991449813787187,0.6638935810255633,0.7808859241720547
511,0.7366502390938796,0.7282081552121058,0.7864341914969691,0.6333108471874245,0.7986477624790189
512,0.7292290925863345,0.767535243735966,0.7336971179648402,0.6013740150326964,0.8143099936118354
513,0.742857498584216,0.7189346558031348,0.7995679641444994,0.6729304693318224,0.7799969050574072
514,0.7525927485772375,0.7769737638478809,0.7775159673530859,0.658382550174008,0.7974987129339752
515,0.7495731951319181,0.7661314139079324,0.7889261376156781,0.6890561493183115,0.7541790796857506
516,0.7860547791822312,0.7960061317641313,0.8216086217213885,0.7204091491030955,0.8061952141403099
517,0.7553835333716035,0.7551059835358968,0.7859481226679988,0.707058683354625,0.7734213439278931
518,0.7614056555130343,0.7481620424434413,0.7936794236491347,0.7112886117922702,0.792492544167291
519,0.7541588849073135,0.7584960592214601,0.7775457605560852,0.6792963394131721,0.8012973804385364
520,0.7343519112239192,0.7574322771421769,0.7854925510711436,0.5777616301598437,0.8167211865225129
521,0.7547216689246117,0.7871522764520309,0.7517766565745877,0.6585450074795786,0.82141273519225
522,0.7147646375065329,0.773521747706334,0.7493789474595798,0.5835631902121233,0.7525946646480944
523,0.7559628120151609,0.7863003603202579,0.7909790907319131,0.617845908973537,0.8287258880349359
524,0.7656977647795339,0.7871903411788498,0.77785913230876,0.678678667083771,0.8190629185467547
525,0.7456419910939005,0.7590270310011468,0.7695202111556771,0.6591360713061386,0.7948846509126396
526,0.740743800578795,0.7422883629843862,0.7841510951783083,0.685110520259919,0.7514252238925665
527,0.7502710702326196,0.7353762411799458,0.7947308287697965,0.6890976557724529,0.7818795552082833
528,0.7429182483225129,0.7791468673894781,0.7718468176099267,0.6623850545412728,0.7582942537493736
529,0.7310870468226817,0.7609656883030212,0.7674856293307925,0.6330288675223233,0.7628680021345894
530,0.7701849577442763,0.7833265292563106,0.8114085500897031,0.687592114150016,0.7984126374810755
531,0.779637796112401,0.8082018798180761,0.7784659328415151,0.7262052699707564,0.8056781018192563
532,0.74280695324525,0.7454629469715149,0.7595294030100597,0.6930630513483157,0.7731724116511098
533,0.7372977194754127,0.7709744932690621,0.7516039541481904,0.6368732765377364,0.7897391539466619
534,0.7329463740854875,0.7660229079922855,0.7467812206437662,0.6182481278713077,0.8007332398345905
535,0.7693350584400883,0.7867942098836506,0.7838060731933185,0.7035730307040069,0.8031669199793772
536,0.7528950624834257,0.7601656389818552,0.7829065565581781,0.6842546679786584,0.7842533864150112
537,0.7643402655737626,0.7600740505581413,0.7879833569247942,0.6724783277848548,0.8368253270272603
538,0.768029114953644,0.785151590813624,0.7972523182845681,0.7177933744503925,0.7719191762659917
539,0.7589854674916208,0.7947935124980853,0.769425358717443,0.6902523075745722,0.7814706911763827
540,0.7216496711880837,0.7406418675052965,0.7449233071493923,0.6657425492310165,0.7352909608666295
541,0.7635638802284124,0.7863508676677574,0.8053312473908003,0.7085110404429984,0.7540623654120933
542,0.7368469356236129,0.7886897515708102,0.775058026883363,0.6002854245458945,0.7833545394943838
543,0.7547274139748242,0.7586993835890895,0.7812088786546125,0.6379695864596808,0.8410318071959143
544,0.7628591364778924,0.7713807392595285,0.7771129926621868,0.7029033663762317,0.8000394476136224
545,0.7474346992383212,0.8035415746847488,0.7656049296090685,0.6315394501332731,0.7890528425261943
546,0.7705309913626153,0.773627619895592,0.8088934500477848,0.6790244762181,0.8205784192889843
547,0.730383421083235,0.7862244551083847,0.7806193133473396,0.5861521052633728,0.7685378106138426
548,0.7417923964851382,0.7800545442999831,0.7660348407389498,0.6751199604018943,0.7459602404997258
549,0.7553465964849184,0.7731827710580745,0.7821145184632519,0.681235057789572,0.7848540386287751
550,0.7598332235720643,0.7794643747652571,0.7839200427302387,0.6874409901971076,0.7885074865956537
551,0.7498112020989689,0.7835358868662153,0.764340991556944,0.689677544902023,0.7616903850706931
552,0.7521029720333425,0.7436798398977007,0.800768483363806,0.6756931481598194,0.7882704167120442
553,0.7491639520825487,0.7757319722120781,0.7640649353744363,0.6575662163849015,0.7992926843587789
554,0.7211448699200933,0.7823545461747891,0.741349466993939,0.5969389254878554,0.7639365410237895
555,0.7360003921068771,0.7656250453823058,0.7862399582981898,0.6708904583604289,0.7212461063865833
556,0.7239428208697929,0.7429879235270495,0.7789203882605485,0.6267998357324123,0.7470631359591613
557,0.7683797926837743,0.7873270149255238,0.8147731501106271,0.6580378551239879,0.8133811505749584
558,0.7537163225203342,0.7624752031816127,0.7807037382840214,0.6993117693390061,0.7723745792766965
559,0.776378666382379,0.7840511444049193,0.7933411903542195,0.7273407055776753,0.8007816251927017
560,0.7396323222055927,0.7461721261362274,0.8000512693390612,0.6178490036362029,0.7944568897108797
561,0.7783131654217141,0.8015808640285927,0.8038451099413296,0.7353469557907841,0.7724797319261502
562,0.744065923402346,0.7707684087539157,0.7745032733317367,0.6793205317577548,0.7516714797659768
563,0.7276182350545343,0.7388102715537149,0.7653467372186147,0.6497503301327956,0.7565656013130115
564,0.7563172584313989,0.7557303489622906,0.7865039901937183,0.6891116569838431,0.7939230375857433
565,0.7616059062439346,0.7830484984988597,0.7844547368823563,0.6730699188115593,0.8058504707829635
566,0.7576227692399433,0.7820874142906883,0.770651888701563,0.649791345773221,0.8279604281943016
567,0.7435698964896588,0.7634200602359308,0.7680991647917715,0.6636397255756793,0.7791206353552536
568,0.7501250666113894,0.7744308574220837,0.774023138339526,0.6698653078880943,0.7821809627958538
569,0.7285293099296875,0.7511005868269226,0.7730511231719134,0.5935146012751988,0.7964509284447149
570,0.7300304936649319,0.7755901638797656,0.7525746060640566,0.6252513735920535,0.766705831123852
571,0.7341093273350379,0.7843116120192528,0.7530465866447407,0.6256676539811397,0.7734114566950183
572,0.7522527349984733,0.7584800858250652,0.78442009866368,0.6627682499397868,0.8033425055653612
573,0.7496971257286987,0.770694474861501,0.794905075659892,0.6859050767592617,0.7472838756341403
574,0.7562112582244056,0.7944556643477892,0.8052740946307486,0.6497046189055115,0.7754106550135733
575,0.7694103067608569,0.7953346311777582,0.783980401847446,0.6781990532949802,0.8201271407232431
576,0.763062820491182,0.759570472903449,0.8079346924096286,0.6814797744484951,0.8032663422031556
577,0.7215044768194234,0.7605481582191026,0.7699506149824976,0.6094418137516603,0.7460773203244333
578,0.7782184744337826,0.7681517673103635,0.8239110558590564,0.719071541213069,0.8017395333526414
579,0.7783295363815113,0.7910002149130267,0.7958383272181779,0.7092563129416138,0.8172232904532268
580,0.7568095890343804,0.77833454513647,0.7813305226005086,0.6752762584215601,0.7922970299789834
581,0.7742287345107524,0.7872552531041889,0.8169260243944676,0.6762743831485316,0.8164592773958212
582,0.7553494017302267,0.7795283758844682,0.787403647326307,0.6800482856686966,0.7744172980414351
583,0.7765707658329737,0.7941924701598301,0.8020928652243752,0.6952889241871932,0.8147088037604964
584,0.7606067924928868,0.779512478375627,0.7783290902426737,0.6609237378006572,0.8236618635525892
585,0.7453211352542456,0.7465060404258245,0.7678012716382322,0.6360790434401301,0.8308981855127956
586,0.7612900637533924,0.7735759110668722,0.801644209370098,0.682858261977029,0.7870818725995707
587,0.7742685397778436,0.7716079367284935,0.8118150646639392,0.7162109460043949,0.7974402117145468
588,0.7677394105267968,0.7669513615480533,0.8114981836898729,0.7081393311144931,0.7843687657547678
589,0.7421847235394169,0.7804150604593285,0.7794578555618079,0.6423085723036069,0.7665574058329244
590,0.7430730879278856,0.795449457422794,0.7450311380421425,0.6466275707020339,0.7851841855445724
591,0.7472521647879217,0.7939637485458009,0.7697944616685967,0.6947371655761279,0.7305132833611613
592,0.7792697763325829,0.7857330827242113,0.8068478198878714,0.7658727055253924,0.7586254971928562
593,0.7673908308217328,0.7680446268142106,0.8072540350892261,0.7100374204427166,0.7842272409407781
594,0.7391913142516714,0.7449813620854905,0.7722010873684059,0.6673430263570903,0.7722397811956986
595,0.7361124718691452,0.7542206158055772,0.7831976920147244,0.6637566017969402,0.7432749778593386
596,0.7218163697059046,0.7812823569411885,0.7412383705884549,0.5772691541479402,0.7874755971460348
597,0.7755350444392763,0.7762494572272789,0.781681824039191,0.70356773269697,0.8406411637936657
598,0.775276560527697,0.800184599307081,0.7933745707862803,0.6911875822617931,0.8163594897556339
599,0.7429011739398841,0.756961227856229,0.7919592110341466,0.6416595325973686,0.7810247242717923
600,0.7708639784530374,0.7622729416486027,0.8120584873951577,0.7160465468637928,0.7930779379045965
601,0.7408275402318599,0.7858701578790479,0.7772151060674115,0.6700790646798688,0.7301458323011115
602,0.7668028892481314,0.7797593991408664,0.7816416428773326,0.6934878315821377,0.8123226833921892
603,0.75628643363991,0.7790788756332516,0.7610537804808803,0.6840806688671188,0.8009324095783893
604,0.7696604922860335,0.7730051785032362,0.796548169803601,0.7107409908600131,0.7983476299772837
605,0.7330389095027668,0.7585481066025632,0.7812591990820867,0.6256222902798675,0.76672604204655
606,0.7753076398687084,0.7485866471412127,0.7910610823500612,0.7343670446932047,0.8272157852903553
607,0.7573130256682357,0.7724007454625034,0.7651367519863945,0.6696853587095948,0.8220292465144496
608,0.7788874369957921,0.7800741318559811,0.7975588075367688,0.7310473539650733,0.8068694546253453
609,0.7254323699207985,0.7583147470282008,0.7705967608888865,0.6387420391434436,0.7340759326226631
610,0.7345393913652102,0.7599143361700129,0.7616016379762353,0.650328650435446,0.7663129408791467
611,0.7553273246165546,0.7999978026832721,0.7579609271449912,0.63565073708841,0.827699831549545
612,0.7483783564078877,0.7728451867101563,0.7706968876423786,0.6561391582687692,0.7938321930102464
613,0.7442017901526388,0.7745105379527736,0.7946780143950593,0.6359628963507836,0.7716557119119388
614,0.7825499134598322,0.756253529446197,0.8298536207799231,0.7234109396182552,0.8206815639949536
615,0.7396738758195012,0.7731785760272506,0.796147007145468,0.6881019139462126,0.7012680061590737
616,0.7542415409272379,0.7698023591323289,0.785934052165367,0.705167259231718,0.7560624931795376
617,0.745303859833135,0.7690419883932238,0.7732525017188857,0.6729957614680064,0.7659251877524236
618,0.7111056625073314,0.7318596689988849,0.7377651410253102,0.5704174205371217,0.8043804194680089
619,0.7596877962588728,0.7829808229459997,0.7663883005245734,0.6952352159236094,0.7941468456413089
620,0.751955657082916,0.7901843568623345,0.7701110089283217,0.637463832055798,0.8100634304852095
621,0.7457901879236796,0.7661621334957818,0.7545860819985952,0.6704862141892463,0.7919263220110948
622,0.751829211142302,0.7709322089360955,0.7513010363614929,0.675624900520186,0.8094586987514335
623,0.7333131020169184,0.7687436382444308,0.7569825372262483,0.6068049986930495,0.8007212339039448
624,0.754962414522408,0.7778177814809334,0.8136251982299096,0.6497301737514594,0.7786765046273296
625,0.7623917619877771,0.7948929576840846,0.7616158505417346,0.6830564095165492,0.8100018302087402
626,0.7548616971677137,0.800275023247827,0.7707943761112273,0.6184691107411626,0.8299082785706376
627,0.7445676331170168,0.7890625090877484,0.7646560646448426,0.6375337716827253,0.787018187052751
628,0.7792888142924297,0.8079983663767235,0.7867293470963067,0.7043957985366114,0.8180317451600774
629,0.750150746935134,0.7662064937195385,0.7680145605348724,0.6668086801148723,0.7995732533712528
630,0.7592392439525419,0.7664991087914833,0.7814991182553098,0.6765035469565704,0.8124552018068041
631,0.7649837440360605,0.7760029012788778,0.8001975841512275,0.6773380307121628,0.806396460001974
632,0.7374579464185871,0.765149100674244,0.7819708409232825,0.6518450342652647,0.7508668098115573
633,0.7587758590231704,0.7531664591322077,0.8012441364429733,0.6667280283340055,0.8139648121834949
634,0.7494756581521493,0.7853063280988403,0.7710125883899199,0.6526478703638721,0.788935845755965
635,0.7767551715409221,0.771068499911355,0.7968611264290373,0.7483791975987755,0.7907118622245207
636,0.7474651452700855,0.7436816551236887,0.7683860518218963,0.6921201069936277,0.7856727671411292
637,0.7767245538457758,0.7849369460226211,0.8004164970119827,0.6897142241316876,0.831830548216812
638,0.7577578217521153,0.7592812319233437,0.7743585757044399,0.6983485591557176,0.79904292022496
639,0.7611060783348178,0.7805070867533089,0.7999589075852319,0.6701176906433006,0.7938406283574297
640,0.7602896298034983,0.7906280949841468,0.8085116255413013,0.6525754946458061,0.7894433040427393
641,0.7785781449544475,0.8114266125864176,0.8029625233915408,0.6974063428840885,0.8025171009557434
642,0.7553165244224755,0.7603064810351428,0.7779582104566318,0.6421817439030966,0.8408196622950312
643,0.741861482626839,0.7749333245237805,0.745357792231868,0.6603107626756144,0.7868440510760928
644,0.7808630245497756,0.7869733106202972,0.8171034195769653,0.6914587516853224,0.8279166163165174
645,0.7469286900071903,0.7691583704472251,0.774322034314503,0.6417931794679043,0.8024411757991289
646,0.7741966353731464,0.7625617083936613,0.802308028942566,0.7121486658522035,0.8197681383041546
647,0.7543465159601493,0.7594853044763975,0.799128590157761,0.6288299161285734,0.8299422530778652
648,0.7545508494185765,0.7781992307815483,0.7872573923451429,0.6846826486477993,0.7680641258998152
649,0.7526387394035529,0.8034736691076368,0.7728097860366102,0.668247011248086,0.7660244912218787
650,0.7544553770070497,0.7796485289800797,0.761864088400384,0.6727774874628608,0.8035314031848745
651,0.7546692682875655,0.7817531706643313,0.7747102680177284,0.6889095043361276,0.7733041301320751
652,0.7614560286574064,0.7524009388006867,0.7728160388450805,0.6979908356464762,0.8226163013373817
653,0.7826399208965976,0.7917156899868237,0.8033926767238939,0.7033023585043484,0.8321489583713247
654,0.745188436916907,0.7818470807941801,0.7750434507057419,0.639635980458194,0.784227235709512
655,0.7421275327564929,0.7528451318340103,0.791112320430917,0.6459363632908186,0.7786163154702257
656,0.7549659259502255,0.7623053289673717,0.7689727628778266,0.6670488348611113,0.821536777094592
657,0.7540410867696522,0.7788584651349681,0.765614326147566,0.6170843889086102,0.8546071668874647
658,0.7391206595387426,0.7679473154006444,0.7634643990411083,0.6260374062918893,0.7990335174213286
659,0.7369906588621511,0.7719192124010557,0.7725078693672871,0.6232787967901576,0.7802567568901038
660,0.7616160414880389,0.778225694501725,0.7854525866128997,0.6466528341768603,0.8361330506606707
661,0.7350358521425008,0.7624695261410533,0.7478241255885836,0.636421279078746,0.7934284777616205
662,0.7548662001940978,0.7540014025147102,0.7920769655904625,0.6909015093636385,0.7824849233075799
663,0.7677619005806975,0.7975192878383491,0.7829553870414209,0.6995791245763381,0.7909938028666817
664,0.7682548274422765,0.7680366481262204,0.7776789844024427,0.6838680831002804,0.8434355941401621
665,0.7471829510339352,0.7679273460919978,0.7786103662559851,0.6741480369532147,0.7680460548345434
666,0.7703460350560014,0.7835199733650409,0.7975235309914915,0.7405318546986059,0.7598087811688674
667,0.7698279605410847,0.7867054368485008,0.7791231425445957,0.721774121833532,0.7917091409377102
668,0.7454910381289059,0.750227041001023,0.7968507225305826,0.6591524424375601,0.7757339465464581
669,0.749305893385252,0.7854798472895533,0.7714335821633209,0.6450935857375073,0.7952165583506264
670,0.7357158400685309,0.7503755317824574,0.7647475652430282,0.628014638842911,0.7997256244057268
671,0.7558128222058421,0.7695464027885389,0.7824024065090124,0.6807330469061924,0.7905694326196248
672,0.752608905089376,0.754244360933901,0.7852571599622675,0.6731858045655819,0.7977482948957534
673,0.7477049873873175,0.7627680136515226,0.764708613492105,0.6916590798064716,0.771684242599171
674,0.7487680482226992,0.7708308913687388,0.7854626232429276,0.6801773351394493,0.7586013431396812
675,0.7571199614456325,0.7634556068810332,0.8053073835143254,0.6704393233863158,0.7892775320008558
676,0.7400237555320974,0.7690901166624913,0.7717847789719547,0.6791805979947612,0.7400395284991825
677,0.7689530181102291,0.8001180170597564,0.7841535045085776,0.6591852544717858,0.8323552964007965
678,0.7687547976934973,0.7503851254644306,0.8088212949914082,0.7150761604286943,0.8007366098894564
679,0.7761663408233339,0.7806967469570086,0.8103171843006532,0.7356251942285121,0.7780262378071618
680,0.7771790799421169,0.764238565670932,0.8017683920174677,0.7354417150179364,0.8072676470621314
681,0.7623309674192882,0.7759073548907675,0.8078812124251514,0.6879529960416003,0.7775823063196334
682,0.7550595770581294,0.7724887136717743,0.7849916785816747,0.6903963663069771,0.7723615496720914
683,0.7637905734044352,0.8104727214144338,0.8143846630931707,0.6832140221190622,0.7470908869910743
684,0.7565086320632357,0.7658794169559283,0.7967349535082117,0.6795113555490927,0.7839088022397098
685,0.7627141973686105,0.7937674853139364,0.7945654974106868,0.6826927707470104,0.7798310360028081
686,0.7415251564502436,0.778703035859612,0.7530377323721318,0.6410161915458032,0.7933436660234274
687,0.7426726628841085,0.7814558198786048,0.7622394028743666,0.6392144731850902,0.7877809555983726
688,0.7576611617183598,0.7996421489114862,0.7789820353157649,0.6376231360673557,0.8143973265788323
689,0.7820292805883191,0.8063163731526238,0.7912634566630863,0.7131459410964955,0.8173913514410706
690,0.7513530907118776,0.7776880408332384,0.7773490581576187,0.6817717107220248,0.7686035531346286
691,0.7516818753942849,0.777963283018302,0.8006279224049433,0.6263084519863699,0.8018278441675241
692,0.748427551096918,0.7573620776418742,0.782542437833731,0.6298008841558402,0.8240048047562265
693,0.7647661047155679,0.8034451742563233,0.7819439181635975,0.6513383279756717,0.8223369984666795
694,0.7423124129627816,0.7641601328682378,0.7668189559712315,0.6333471726920286,0.8049233903196289
695,0.7820096350622927,0.8118626222776065,0.8028986714410604,0.6956742764840916,0.8176029700464126
696,0.7867911001162508,0.8112755658863647,0.8065441428939055,0.7231557583768038,0.806188933307929
697,0.7686117868418759,0.8000262666177463,0.7731247672273905,0.6791112329366034,0.8221848805857636
698,0.7699040656385041,0.7585909256432968,0.786904906319457,0.7174694809875569,0.8166509496037058
699,0.7462331221710014,0.7845215560511933,0.7866432107564137,0.6621565904261784,0.7516111314502196
700,0.7497025318503696,0.7478043288220053,0.7760456874970386,0.6921507441761557,0.7828093669062789
701,0.7403132759091791,0.7313318535088037,0.7929090463546266,0.6296834645728446,0.8073287392004411
702,0.7633641060098014,0.8119660206830712,0.7721013713356559,0.6549447478587942,0.8144442841616844
703,0.747492676504911,0.7761968291161305,0.7680036448215025,0.6785319868508338,0.767238245231177
704,0.7623489708048136,0.77922083244834,0.7938230760706535,0.6666312430675277,0.809720731632733
705,0.7571437407264674,0.7614312799585958,0.7957088805278877,0.6770694136332268,0.7943653887861591
706,0.7448011070723893,0.7812713696973129,0.7603360070995294,0.660877002458033,0.7767200490346817
707,0.7560401825654428,0.775820137831587,0.7646207826411565,0.7024513608282308,0.7812684489607967
708,0.7671226959806873,0.7578804984680024,0.8012572524051595,0.6841360403693649,0.8252169926802223
709,0.7479598455723149,0.7435709698431939,0.7997541919868808,0.6807024143736427,0.7678118060855421
710,0.7608482979411956,0.7665425381727946,0.8091760478274085,0.6874583793142813,0.7802162264502978
711,0.7789352426751179,0.7894381809331031,0.7993916199676369,0.6949338084380963,0.8319773613616357
712,0.7880644570827575,0.7902930566828845,0.8123254575176858,0.7347292148732268,0.8149100992572329
713,0.7712596184472377,0.791031734740615,0.7799719971576724,0.7124548480162944,0.801579893874369
714,0.7578971808274334,0.7766357940406133,0.7906484881023185,0.6474635845813411,0.8168408565854608
715,0.7456661713555105,0.7842469672512781,0.7467593809290846,0.6483350972484947,0.8033232399931847
716,0.7642398505354411,0.7938703010983565,0.7874818957422722,0.6621293423836249,0.8134778629175105
717,0.7638056558714849,0.7878745087126974,0.7807066838675868,0.6752967122906511,0.811344718615004
718,0.7699388577934736,0.7426422106914051,0.8039236680858911,0.7300996527732339,0.8030898996233643
719,0.7538111578208092,0.7671979559454407,0.7789549312459069,0.6569388164910621,0.8121529276008269
720,0.7774175976899184,0.7788049809754558,0.8195415867794917,0.6765929620501272,0.8347308609545988
721,0.7582027820276359,0.7572555878913315,0.7764847685278768,0.7041142059819856,0.7949565657093499
722,0.7724414678331336,0.7850462639016429,0.7880609279780006,0.7126776164403223,0.8039810630125682
723,0.7645277455209389,0.7588686219971411,0.7875802438453232,0.7035622765041802,0.8080998397371114
724,0.7587756309731508,0.7518658064926705,0.7961583406842672,0.6877665833254081,0.7993117933902576
725,0.7647341047875802,0.7987008964703116,0.794721768745952,0.6522591771473151,0.8132545767867422
726,0.7647295013982542,0.7773177592159152,0.7920001650435574,0.6755512671391857,0.8140488141943589
727,0.759838771973927,0.7565207885373605,0.7890976982669126,0.6991164943813654,0.79462010671007
728,0.7659748324958309,0.8019016944063483,0.7865290262042318,0.6754657609479112,0.8000028484248322
729,0.764803862416184,0.7635104495233753,0.788663819704973,0.6972512896247446,0.809789890811643
730,0.7652146848050605,0.8042668951252087,0.7702699808173433,0.6784139855738995,0.8079078777037907
731,0.7693238321169362,0.8022535716051606,0.7896628187440621,0.6941325657398596,0.7912463723786628
732,0.7815680744026794,0.7617287189307984,0.8077488868325773,0.7277798497088392,0.829014842138503
733,0.779141918923357,0.7728351661177044,0.8157919158896342,0.6831366743706921,0.844803919315398
734,0.7730091837091965,0.7877660129304045,0.8068771601993397,0.6751358518676484,0.8222577098393932
735,0.7537665736541056,0.7644848750165725,0.7846469693962123,0.6723122474500339,0.7936222027536037
736,0.7375561830913977,0.7715445486852851,0.7741808824917488,0.6076195317070178,0.796879769481539
737,0.7530980293190082,0.8005333208958604,0.7700062020228424,0.6669141499488475,0.7749384444084828
738,0.7570394699719452,0.7922745227387039,0.7628471363249292,0.6839915167534424,0.7890447040707051
739,0.7509666937421267,0.7473218469661235,0.7873460940030522,0.673469238365275,0.7957295956340561
740,0.7611533936568022,0.7927365935485474,0.7848451794987007,0.6924041929074456,0.7746276086725152
741,0.7742628208005838,0.777095110561073,0.7854753899838938,0.7232601723791557,0.8112206102782129
742,0.7721238407230847,0.7838869292515676,0.8107596112989744,0.6902285999627322,0.8036202223790645
743,0.7442298734202591,0.7758442301701406,0.7731122198820356,0.6159145372806899,0.8120485063481703
744,0.762989319135781,0.7682722037402171,0.7787557820074698,0.7182154402590353,0.7867138505364021
745,0.7584708861191758,0.7914406858061838,0.796279651762796,0.6727485618670017,0.7734146450407213
746,0.7680652254510439,0.8023763829525629,0.7868455275249584,0.6828122396364366,0.8002267516902178
747,0.7798116908603884,0.8022149326102291,0.8154677480504325,0.6994895277127017,0.8020745550681901
748,0.7721897917271064,0.7913225726862354,0.7882972383557566,0.7385453556834252,0.7705940001830086
749,0.7614754834374866,0.7444723253910338,0.8000722871280853,0.6919763650761445,0.8093809561546829
750,0.7598900538793083,0.7665309033231793,0.8063462510727876,0.6933995951160385,0.7732834660052281
751,0.741567473632343,0.7547243776725535,0.7691122755703079,0.6393882978893319,0.8030449433971789
752,0.7458509890973268,0.7643065412932566,0.7841531651167011,0.6467945292857198,0.78814972069363
753,0.7565453148112005,0.7624872219813054,0.7806538019190961,0.7004238855322755,0.7826163498121248
754,0.7443874647207965,0.755799509566637,0.7854388623592972,0.6770883293581414,0.7592231575991106
755,0.7969650760349236,0.8218194960591048,0.8164210797576968,0.7554946037466391,0.7941251245762537
756,0.7658016605875656,0.786278824109496,0.7949123515776333,0.6917122809115324,0.790303185751601
757,0.7667744053064136,0.7713424830933325,0.8159456259741387,0.7043293616518144,0.7754801505063693
758,0.7672716172017706,0.7752861812090713,0.8101353243690794,0.6891797747974963,0.7944851884314359
759,0.7581557904283913,0.7837767477927244,0.7806957578352285,0.6495633204921725,0.8185873355934399
760,0.7488897815512544,0.7586635007336561,0.7654748539712954,0.6638911533816143,0.8075296181184516
761,0.7727629816356846,0.7751170562133556,0.7944451790484761,0.7143367573691298,0.8071529339117768
762,0.7349602336127519,0.7881309345219205,0.7432599108128388,0.6075281795607474,0.8009219095555011
763,0.7771059676236078,0.7893770893972984,0.7932513059943469,0.6591859376315198,0.8666095374712663
764,0.7613950391259675,0.7980687580501795,0.7953679354731329,0.6542754388678717,0.7978680241126858
765,0.7624843414580044,0.7843556591992973,0.7696586284330443,0.6909071996198016,0.8050158785798742
766,0.7670867205545169,0.7768018349642805,0.7894471987907288,0.6788581084364986,0.8232397400265595
767,0.7533624407520941,0.7711259043380563,0.7840120866747922,0.6593521774577008,0.7989595945378275
768,0.7621492911479769,0.7448729101860151,0.7790236627251667,0.7040393928118129,0.8206611988689133
769,0.7555599422578958,0.788749464499746,0.7671377701884127,0.6618000610361117,0.8045524733073128
770,0.7704327027752635,0.7848650371318436,0.8015593010927058,0.6940818266167119,0.8012246462597926
771,0.7555571123189588,0.7730997829759106,0.770010492133758,0.6363106435582122,0.8428075306079543
772,0.7275732249907777,0.7708542748586307,0.7612030839797855,0.6025108472049511,0.7757246939197432
773,0.756177717376302,0.7700264733763235,0.8057028436347893,0.6670705735413471,0.7819109789527482
774,0.7554557358358543,0.7878018855015657,0.7828070972014693,0.660784082959065,0.7904298776813174
775,0.7641084467576167,0.7892945788720497,0.8085612441098424,0.6868649567648231,0.7717130072837515
776,0.7565136585695988,0.7565080709061949,0.7799487108398159,0.6616641985082818,0.8279336540241028
777,0.7778990547010277,0.8025586337668047,0.8027778321050827,0.7130953376087279,0.7931644153234957
778,0.7549051562575577,0.758906627038823,0.7913267606976429,0.681001590239414,0.7883856470543513
779,0.7625511965380757,0.7728967978517346,0.7944824781922736,0.6879754423749016,0.794850067733393
780,0.7445138994864605,0.7818809217358877,0.7600823166857725,0.636673708025044,0.7994186514991378
781,0.7627382489418431,0.7720346317808258,0.8293678229890316,0.7122700251900378,0.7372805158074771
782,0.7529311827770035,0.7878428377337144,0.7692576784307689,0.6472040314154217,0.8074201835281092
783,0.7580656001795016,0.7897779841836322,0.7853925297221759,0.6995515824167866,0.7575403043954119
784,0.7895049262921823,0.782606843765961,0.8273758697395802,0.7109128661694708,0.8371241254937172
785,0.7599267869686492,0.7675804873750081,0.7875912189555242,0.6654480886148394,0.8190873529292249
786,0.7564389005507767,0.7853459592645898,0.7959811152889236,0.6784247528894908,0.7660037747601023
787,0.7601235727825718,0.7585831300288116,0.7729985311310934,0.6763884450001719,0.8325241849702101
788,0.8080261858975606,0.7965729808582801,0.8217839787921128,0.7678924505573443,0.8458553333825051
789,0.7548748394719764,0.7786264013497585,0.7842886521138376,0.703493380114534,0.7530909243097758
790,0.7555477580645552,0.7633127885866634,0.8111010087932176,0.6659747036298574,0.7818025312484823
791,0.765626917351608,0.7585649477222489,0.7806012236503326,0.6975427400596322,0.8257987579742182
792,0.7666566039941513,0.771163941259348,0.7941547400181751,0.7029674370679435,0.7983402976311386
793,0.7599228546231203,0.7754137597271584,0.8051215227033031,0.6283098436638422,0.8308462923981774
794,0.7807096610772417,0.7950504565112927,0.7928879252402997,0.7383564553464735,0.7965438072109011
795,0.7747364671051575,0.7943251518196346,0.8019940543049331,0.7086199241191695,0.794006738176893
796,0.7525612668177215,0.7597071351157595,0.7760968393493367,0.6830888378146888,0.7913522549911007
797,0.7543010051681122,0.7671435310204108,0.7576694281126395,0.6626446222887895,0.829746439250609
798,0.7813466965772724,0.7794529439215535,0.8126601969786973,0.7044954516013755,0.8287781938074632
799,0.7361675031263455,0.7521523049089991,0.7698936436582018,0.6092408860302883,0.8133831779078928
800,0.7581089582864248,0.7326246712440018,0.7931590941944553,0.6853228758040688,0.8213291919031734
801,0.7784489153814073,0.7936209746724672,0.7854032394229247,0.7416350276963632,0.7931364197338738
802,0.7550538142648198,0.7949110189186571,0.7896671951980554,0.6557393668749865,0.77989767606758
803,0.7753454907387247,0.7991385521271298,0.7932197869377232,0.6915293255678452,0.8174942983222008
804,0.7798544750416296,0.7765306170281271,0.7913750297482,0.7212057374647189,0.8303065159254726
805,0.7617523279846248,0.7586264821925154,0.802563959852046,0.6910878992353999,0.794730970658538
806,0.7684759458570103,0.7917080238153181,0.7823540260343486,0.6690851403767483,0.8307565932016263
807,0.7639649629478922,0.7866714753261189,0.7758056212225907,0.6529111356358884,0.8404716196069706
808,0.7862600954082362,0.7753363046593018,0.8111734388804732,0.7373449951820148,0.8211856429111546
809,0.7482682775843252,0.7752934407471622,0.7558841363769659,0.6762003283037589,0.785695204909414
810,0.7618069530391863,0.7798465056711746,0.7659524585431537,0.7053054274016247,0.796123420540792
811,0.7400668390267561,0.778968933656431,0.7413380441146004,0.6504298106747315,0.7895305676612617
812,0.7584740408177857,0.7581249090521042,0.7792949173867016,0.6522761899207317,0.8442001469116053
813,0.7524110569333151,0.7673006067986159,0.7849049488899821,0.6601326513146684,0.797306020729994
814,0.7545652347497913,0.7826150368816862,0.769102034570709,0.6710874426054632,0.795456424941307
815,0.7690171977029027,0.7938380780451675,0.7991029460525082,0.6659305544203087,0.8171972122936263
816,0.7629413661003427,0.7756036349224211,0.7856964357418942,0.6873245979949452,0.8031407957421098
817,0.7747614074084133,0.7773200494996203,0.7870299903335204,0.7168242787693484,0.8178713110311637
818,0.7860965725596569,0.7895991247612449,0.8381137087580922,0.6965122517574459,0.8201612049618446
819,0.7483616868790255,0.7804090921861842,0.7831989621210533,0.6305174958677672,0.7993211973410974
820,0.7485366182519583,0.7632364701824536,0.7585759610456008,0.6587820939825884,0.8135519477971903
821,0.7634183278658855,0.7471834121561626,0.8078981126210523,0.7039969658078219,0.7945948208785053
822,0.7826101348207326,0.8327559358092294,0.7715903329150462,0.7019628438081371,0.8241314267505182
823,0.7647575018550752,0.7681615325315371,0.7952970723022446,0.679397691698821,0.8161737108876979
824,0.7640145560114051,0.7804651351763799,0.795093130753398,0.6881060888365605,0.7923938692792821
825,0.7611872800161986,0.7779972094977665,0.8062684826808052,0.6551813305407104,0.8053020973455128
826,0.7481024651076277,0.7719090782957612,0.7891322612915677,0.6611428542146368,0.7702256666285452
827,0.7455684033266681,0.7874961141376396,0.7719035214773768,0.603236254895661,0.8196377227959947
828,0.7663166949248419,0.777486138795519,0.7786596482966514,0.6595942158403576,0.8495267767668394
829,0.7567670367288505,0.786292946334514,0.7561023249646465,0.6720801582760076,0.8125927173402339
830,0.7702680102135455,0.7742530686300776,0.7853479011867495,0.6932493722430154,0.8282216987943397
831,0.759409185877297,0.7891080457877164,0.75824074566873,0.6631923944568138,0.8270955575959275
832,0.7718546352198691,0.7949776041272668,0.7836001178103463,0.7093563161976533,0.79948450274421
833,0.7580900676418174,0.7682804338672403,0.7938144708411431,0.686853433763124,0.7834119320957623
834,0.7681525901595985,0.7659022167435908,0.7932218031717226,0.7283151884526186,0.7851711522704619
835,0.7551090201730096,0.7584795190117396,0.766147978161392,0.6733262791866719,0.8224823043322349
836,0.781652519448836,0.7988372379568983,0.792973571323502,0.72519110312476,0.8096081653901838
837,0.765656069660564,0.794025397252317,0.7729308860889355,0.6796447430756346,0.8160232522253689
838,0.7736516732523068,0.7863191890452512,0.7837397019943924,0.7027485943416892,0.8217992076278943
839,0.7752000723350914,0.7634259289650515,0.8022716878834498,0.7241836805436331,0.8109189919482311
840,0.7742202443380695,0.7857085650049719,0.7934123001977906,0.6675343447901292,0.8502257673593862
841,0.7700879108060923,0.760886453425232,0.8138165995002808,0.6816486792086831,0.8239999110901733
842,0.7662921861638984,0.7995292621735466,0.7853669246864664,0.6791599098416696,0.8011126479539113
843,0.7811058435890278,0.7843362545448131,0.7929173174407806,0.7165219903581888,0.8306478120123287
844,0.7888238871598142,0.8018641225834554,0.8087924193554228,0.7123072287260872,0.8323317779742916
845,0.784952672934807,0.7911282030422692,0.7891551240167939,0.7213929011455443,0.8381344635346207
846,0.7744069454141804,0.7974302986397811,0.7777956741727406,0.6964436469629305,0.825958161881269
847,0.7843844205417175,0.7876719345580008,0.8040619178880035,0.7307886999008131,0.8150151298200526
848,0.7681539239349863,0.7900836983807524,0.789498643454896,0.7223494374175721,0.7706839164867243
849,0.7536904980210324,0.7662582034093407,0.7839939003376395,0.6370114976778031,0.827498390659346
850,0.7465815653114252,0.7404594239950587,0.7686096600133738,0.6853387013396052,0.791918475897663
851,0.7484969934786316,0.749113537770173,0.7765602363440698,0.6863510402436909,0.781963159556593
852,0.7802605928560864,0.8155351120139159,0.8043945236163403,0.6709833568804374,0.8301293789136517
853,0.7352040247766474,0.7446443064210284,0.775407112157698,0.645612777879618,0.7751519026482452
854,0.7631791660588608,0.7626497083172482,0.7872846173525022,0.6741365400156332,0.8286457985500597
855,0.7604309025041762,0.801146913148428,0.7765287253915557,0.7361278616858375,0.7279201097908838
856,0.7696408585320682,0.768374846296762,0.7859712193741368,0.7196661331936793,0.8045512352636949
857,0.7620951704491289,0.7671078615890713,0.7833566027799677,0.6791203704508556,0.8187958469766211
858,0.7666268841911861,0.7782701408953095,0.7985643017521795,0.6698493860870516,0.8198237080302038
859,0.7646502796045271,0.7964567687462347,0.7873376518745242,0.6882087157785444,0.7865979820188054
860,0.7633501688412301,0.7750359469685517,0.7906597387651056,0.662558544140868,0.825146445490395
861,0.7807038194314904,0.8094624750320991,0.8068979839023404,0.7260295626187505,0.7804252561727711
862,0.7855172750422341,0.7967361596135553,0.7835564393953782,0.7354478952675239,0.8263286058924788
863,0.7678269173060122,0.8086799917106766,0.7867550572038727,0.6781346123450142,0.7977380079644847
864,0.7525575910423645,0.738532248967465,0.8086952727476239,0.6868153761123464,0.776187466342023
865,0.7730913180950072,0.7617710349930222,0.8055167309387683,0.7004984169554435,0.8245790894927948
866,0.7653746642641873,0.7926486143066347,0.7860677551738003,0.67958606934499,0.8031962182313238
867,0.7575198215273817,0.7314970571522275,0.7931230827515685,0.7070611594598577,0.7983979867458729
868,0.7562031592796288,0.8030081188740729,0.7745840507773194,0.6511327106356886,0.7960877568314344
869,0.7772961089083026,0.800678158217869,0.7759037089175365,0.7278778284772106,0.8047247400205946
870,0.7459274466415926,0.7592525657812851,0.7829960280744189,0.6387846183126653,0.8026765743980009
871,0.7672388769690504,0.7931038973712331,0.7863216729586481,0.6787508752184728,0.8107790623278476
872,0.764935723776667,0.8013880556311086,0.7751392123632755,0.660884076145347,0.8223315509669364
873,0.7603704947666746,0.7941510196570288,0.7929512775819471,0.6668805199551445,0.7874991618725778
874,0.7637631667238974,0.7844845081507724,0.7844934944419617,0.6937273126077906,0.792347351695065
875,0.7878182089701691,0.8003662009784868,0.7998706824266983,0.6859580460123851,0.8650779064631056
876,0.7744177385337261,0.7876095702053758,0.7922390163599711,0.6988917265612671,0.8189306410082903
877,0.7495886622871233,0.763327705800939,0.7703470591778847,0.6567597142427213,0.8079201699269482
878,0.7527743122888308,0.7676922862943294,0.7628776168653822,0.6315040988041154,0.8490232471914962
879,0.7795670093733555,0.7813009052557927,0.8220205292831548,0.7060492807707202,0.8088973221837545
880,0.7894258906757528,0.8111991624177004,0.7973385238549182,0.7134062874952526,0.8357595889351398
881,0.765577998753375,0.7980519528131147,0.7789275682038272,0.6850677193078859,0.800264754688672
882,0.748076732606421,0.8200634694093547,0.7484148683519347,0.6150335756245333,0.8087950170398617
883,0.765387230381576,0.791965786198604,0.7870955082977417,0.6861613016269702,0.7963263254029876
884,0.7555061120753451,0.7916942706503133,0.7744887321591516,0.6399756666550732,0.8158657788368425
885,0.7515903641158715,0.7831685354023947,0.7677470914459016,0.67572190236949,0.7797239272456998
886,0.7745472190826517,0.8270214138931418,0.7855978745132445,0.7032568476132847,0.7823127403109358
887,0.7565802944037355,0.7643378254798916,0.7855459483065623,0.6416273266711626,0.8348100771573256
888,0.7279915076008181,0.7590256466474141,0.7600239334638366,0.5987447278349342,0.7941717224570874
889,0.7569224814346809,0.7841089566450363,0.7685133377530051,0.6746223691969868,0.8004452621436952
890,0.7504113691940119,0.773404215498571,0.7723895646163805,0.6651897380054694,0.7906619586556266
891,0.7608213712132359,0.8063074820913405,0.7660296620031202,0.6513664478323165,0.8195818929261663
892,0.7608111989479002,0.7773904344328058,0.7828575746675368,0.6796082923767119,0.8033884943145461
893,0.7536851606518614,0.7726945180933557,0.7922284172211177,0.6552122087600023,0.7946054985329699
894,0.7750946034353682,0.8030475140946834,0.7926700096366256,0.6787603890439756,0.825900500966188
895,0.7642417411424032,0.7813271713458267,0.795198292824776,0.6733535290596641,0.8070879713393457
896,0.743493571448058,0.7677504663219725,0.7721029221352621,0.6511906857229464,0.7829302116120515
897,0.762919825367776,0.7743694060245102,0.7770563413649254,0.6718165085927188,0.8284370454889497
898,0.756467674198021,0.7687009100395322,0.7978131662467582,0.6704742231706446,0.788882397335149
899,0.7458045363206407,0.7551843609736172,0.7898070828009666,0.646657227635072,0.7915694738729069
900,0.7726476834469005,0.7867465159922793,0.8013769098498722,0.6856461701773982,0.8168211377680523
901,0.7442109818189961,0.7793946583676036,0.7770362764246048,0.6625965230962971,0.757816469387479
902,0.777044186285512,0.7596224163249911,0.8098905756147708,0.7104271511178588,0.8282366020844272
903,0.7630142534469372,0.7692329280760006,0.7930061703870362,0.6809057677796765,0.8089121475450356
904,0.7649447692164059,0.7588894285987418,0.7974542006585025,0.6960137133969352,0.8074217342114444
905,0.7553801487792162,0.7581672197303303,0.8138875543741159,0.6478965595688949,0.8015692614435241
906,0.7553346637429672,0.7779344807027149,0.7862255893464652,0.6801872219824131,0.7769913629402756
907,0.7579149667775802,0.7934319912870755,0.7779367813715187,0.6688590744307836,0.7914320200209433
908,0.7514250426554536,0.7596757966210502,0.7908402036821807,0.6660649912988643,0.7891191790197193
909,0.7557476217512252,0.7705830430467617,0.7882014608852126,0.663640867982268,0.8005651150906585
910,0.7490311484687735,0.7597926669255477,0.8140573130604879,0.6293775691178818,0.7928970447711768
911,0.7768821703070502,0.792043157326657,0.8151541883005816,0.6627585235719656,0.8375728120289967
912,0.7931378969502166,0.779223797823826,0.818388937029902,0.7388991789860048,0.836039673961134
913,0.75719859491305,0.7813059962077976,0.7797443006151609,0.6430916249621128,0.8246524578671284
914,0.7549911767746337,0.770125183211457,0.7898230082124075,0.6924160349984367,0.7676004806762332
915,0.7529529281507932,0.7581511586796331,0.7916556205162417,0.6730620131249125,0.7889429202823856
916,0.7584841974323742,0.7857214676147393,0.7842906453779439,0.6919995774163461,0.7719250993204674
917,0.7733761593758421,0.7830158927206827,0.8035518374938415,0.6997518719022605,0.8071850353865839
918,0.7739796545656812,0.7799751841773305,0.798139143971016,0.6788646711109982,0.8389396190033802
919,0.765156876997912,0.7955071887873973,0.8068882760239923,0.6861623749598759,0.7720696682203826
920,0.7572795656864548,0.7715902893786439,0.8100973821843721,0.669622704454131,0.7778078867286726
921,0.7584709941199964,0.7798163557301064,0.7756807762978791,0.7244680176856686,0.7539188267663316
922,0.7563310897019981,0.7788542076056637,0.7792899490224334,0.6618753663044687,0.8053048358754265
923,0.7648529701445014,0.8088742901586183,0.7881211578055506,0.7044413679069135,0.7579750647069229
924,0.7700223326070132,0.7757062096584556,0.7974509307015067,0.6877361871208693,0.8191960029472213
925,0.7339216894364833,0.7545748332283503,0.7734865151389237,0.5980315928250313,0.8095938165536279
926,0.7563111611624584,0.7691786787010201,0.7875946519460698,0.6888407739837441,0.7796305400189996
927,0.7656350463167084,0.7990547680204784,0.7995875086619518,0.667473903990223,0.7964240045941807
928,0.7595869396308395,0.7692942349813252,0.8043568840129165,0.6965078041650093,0.7681888353641068
929,0.7645278979599375,0.7611441257300134,0.803806100283188,0.6625864381537088,0.8305749276728392
930,0.7488610469832749,0.7608201272185172,0.7711884741366448,0.642165827894783,0.8212697586831551
931,0.74076322759698,0.7606413190797628,0.80263620167939,0.6705031400873842,0.7292722495413833
932,0.7691335462334672,0.7820853994216609,0.7988985023122278,0.7056349709120782,0.7899153122879021
933,0.7796419930114838,0.7926529411855382,0.7976371995900805,0.718222621881855,0.8100552093884618
934,0.7505539295454822,0.7659278949780732,0.7788313655418099,0.6383572450942535,0.8190992125677925
935,0.7532145311671795,0.7748026411011866,0.7828608135405083,0.6090586585057584,0.8461360115212649
936,0.7492767100528566,0.8046732515606213,0.7870653823849472,0.6250932322431476,0.7802749740227103
937,0.7650978964756088,0.7797393440377572,0.785439181481161,0.7097775077517708,0.7854355526317462
938,0.7880628660204394,0.8014328065547046,0.8040782737514657,0.6837731459156129,0.8629672378599744
939,0.7483372901628385,0.7692589110369434,0.8050359154602158,0.6383458679941995,0.7807084661599952
940,0.7543387644112347,0.7869433685522607,0.7701203849704916,0.6471015448954348,0.8131897592267516
941,0.7816630314308204,0.7600534291991582,0.8079355177353555,0.7302161992724379,0.8284469795163296
942,0.7329757679225295,0.7507775394519763,0.7793353654412802,0.606485932023909,0.7953042347729525
943,0.743188681349465,0.7408183048661021,0.784731064010979,0.641717919375483,0.8054874371452965
944,0.7557079802614164,0.7839279790846945,0.7547980432207289,0.6529504250716762,0.831155473668566
945,0.7748017878372246,0.7679642579180823,0.800886002724393,0.6737981892046103,0.8565587015018127
946,0.7607541800405802,0.7762133795376827,0.7891537094426845,0.6583155386227214,0.8193340925592316
947,0.7499235452617052,0.7663255091480139,0.7947467403535089,0.6602872065947221,0.778334724950576
948,0.7722183968981766,0.7806347519475105,0.8121342859284542,0.6622027603243384,0.8339017893924032
949,0.7721000237907081,0.8038550503242593,0.7832220163552556,0.7020500065120918,0.7992730219712256
950,0.758141125629096,0.7767019886280068,0.81296385397052,0.6278837194397252,0.8150149404781319
951,0.7793330140268818,0.802511274219542,0.7795076092079309,0.7398792629354616,0.7954339097445926
952,0.7694573987032409,0.8174349734667352,0.7784237280098855,0.6805050827542006,0.8014658105821427
953,0.7806446401256216,0.7968124379559614,0.7968127063371451,0.7162715495800317,0.8126818666293483
954,0.7629088717598385,0.7969326524940454,0.7979572461694252,0.6306584468065595,0.8260871415693235
955,0.7505278356140728,0.788664366501227,0.7678116429601739,0.6349701813404524,0.8106651516544378
956,0.7892918515096179,0.7971671343587087,0.8027291771793608,0.7254393138255816,0.8318317806748206
957,0.7266515190522065,0.7492516571719838,0.7746468036058113,0.6117395251434556,0.7709680902875754
958,0.7597197279012651,0.7852460604375994,0.7861270866356483,0.673695046306163,0.79381071822565
959,0.7574749991320584,0.7887842013467227,0.7780036910091233,0.6458421094290475,0.81726999474334
960,0.7546021548536176,0.7593631701707189,0.8039825108760034,0.6364462071113607,0.8186167312563873
